
> innozanzi-shop@0.1.0 dev
> tsx scripts/dev-railway.ts

Reusing database tunnel on 127.0.0.1:15432.
Starting Next.js with the Railway database tunnel...
▲ Next.js 16.2.11 (Turbopack)
- Local:         http://localhost:3000
- Network:       http://10.1.93.191:3000
- Environments: .env
✓ Ready in 936ms
Creating turbopack project { dir: 'C:\\Users\\simukelo\\Music\\innozanzi-shop', testMode: true }

 GET / 200 in 3.7s (next.js: 299ms, application-code: 3.4s)
 GET /admin/access-control 200 in 3.8s (next.js: 976ms, application-code: 2.8s)
 GET / 200 in 995ms (next.js: 8ms, application-code: 987ms)
 GET /products/logitech-mk540-wireless-keyboard-mouse 200 in 3.1s (next.js: 2.1s, application-code: 1069ms)
 GET / 200 in 3.9s (next.js: 71ms, application-code: 3.8s)
 GET / 200 in 4.1s (next.js: 97ms, application-code: 4.0s)
 GET / 200 in 3.8s (next.js: 9ms, application-code: 3.8s)
 GET /admin/access-control 200 in 3.8s (next.js: 5ms, application-code: 3.8s)
 GET /admin/access-control 200 in 3.9s (next.js: 30ms, application-code: 3.9s)
 GET /admin/access-control 200 in 3.8s (next.js: 5ms, application-code: 3.8s)
 GET / 200 in 4.0s (next.js: 43ms, application-code: 4.0s)
 GET / 200 in 3.9s (next.js: 7ms, application-code: 3.9s)
 GET / 200 in 3.9s (next.js: 8ms, application-code: 3.8s)
 GET /admin/access-control 200 in 3.9s (next.js: 6ms, application-code: 3.9s)
 GET /admin/access-control 200 in 3.8s (next.js: 5ms, application-code: 3.8s)
 GET /admin/access-control 200 in 4.1s (next.js: 90ms, application-code: 4.0s)
✓ Compiled in 87ms
 GET / 200 in 4.4s (next.js: 102ms, application-code: 4.3s)
 GET / 200 in 4.1s (next.js: 117ms, application-code: 4.0s)
 GET / 200 in 3.8s (next.js: 26ms, application-code: 3.7s)
 GET / 200 in 3.8s (next.js: 73ms, application-code: 3.7s)
 GET /admin/access-control 200 in 4.6s (next.js: 229ms, application-code: 4.4s)
 GET /admin/access-control 200 in 4.3s (next.js: 308ms, application-code: 4.0s)
 GET / 200 in 2.7s (next.js: 15ms, application-code: 2.7s)
 GET /admin/access-control 200 in 3.0s (next.js: 8ms, application-code: 3.0s)
 GET /admin/access-control 200 in 3.0s (next.js: 38ms, application-code: 3.0s)
 GET /admin/access-control 200 in 2.9s (next.js: 6ms, application-code: 2.9s)
 GET /admin/access-control 200 in 3.0s (next.js: 48ms, application-code: 3.0s)
 GET /admin/access-control 200 in 3.1s (next.js: 36ms, application-code: 3.0s)
 GET / 200 in 2.2s (next.js: 7ms, application-code: 2.2s)
 GET / 200 in 2.1s (next.js: 7ms, application-code: 2.1s)
 GET / 200 in 1212ms (next.js: 7ms, application-code: 1204ms)
 GET /shop 200 in 575ms (next.js: 71ms, application-code: 504ms)
 GET / 200 in 2.4s (next.js: 14ms, application-code: 2.4s)
 GET /products/preview-business-laptop 200 in 2.3s (next.js: 339ms, application-code: 1912ms)
 GET / 200 in 1360ms (next.js: 9ms, application-code: 1351ms)
 GET /account 200 in 2.2s (next.js: 105ms, application-code: 2.1s)
 GET /account/support 200 in 2.3s (next.js: 672ms, application-code: 1654ms)
 GET / 200 in 2.3s (next.js: 14ms, application-code: 2.3s)
✓ Compiled in 117ms
 GET / 200 in 3.9s (next.js: 276ms, application-code: 3.6s)
 GET / 200 in 3.5s (next.js: 30ms, application-code: 3.5s)
 GET /admin/access-control 200 in 3.9s (next.js: 5ms, application-code: 3.9s)
 GET /admin/access-control 200 in 3.8s (next.js: 31ms, application-code: 3.8s)
 GET /admin/access-control 200 in 3.8s (next.js: 5ms, application-code: 3.8s)
 GET /admin/access-control 200 in 4.2s (next.js: 127ms, application-code: 4.1s)
 GET / 200 in 3.4s (next.js: 155ms, application-code: 3.3s)
 GET / 200 in 3.4s (next.js: 217ms, application-code: 3.2s)
 GET / 200 in 3.5s (next.js: 224ms, application-code: 3.3s)
 GET /admin/access-control 200 in 3.9s (next.js: 127ms, application-code: 3.8s)
 GET /admin/access-control 200 in 3.6s (next.js: 11ms, application-code: 3.6s)
 GET /admin/access-control 200 in 4.0s (next.js: 199ms, application-code: 3.8s)
 GET / 200 in 3.9s (next.js: 7ms, application-code: 3.9s)
 GET / 200 in 3.8s (next.js: 6ms, application-code: 3.8s)
 GET / 200 in 3.9s (next.js: 45ms, application-code: 3.9s)
 GET / 200 in 3.7s (next.js: 7ms, application-code: 3.7s)
 GET /admin/access-control 200 in 4.0s (next.js: 5ms, application-code: 4.0s)
 GET /admin/access-control 200 in 3.9s (next.js: 44ms, application-code: 3.9s)
 GET / 200 in 2.6s (next.js: 7ms, application-code: 2.6s)
 GET /admin/access-control 200 in 2.9s (next.js: 30ms, application-code: 2.9s)
 GET /admin/access-control 200 in 3.0s (next.js: 6ms, application-code: 2.9s)
 GET /admin/access-control 200 in 2.9s (next.js: 46ms, application-code: 2.9s)
 GET /admin/access-control 200 in 2.9s (next.js: 34ms, application-code: 2.9s)
 GET /admin/access-control 200 in 2.8s (next.js: 5ms, application-code: 2.8s)
 GET / 200 in 3.5s (next.js: 6ms, application-code: 3.4s)
 GET / 200 in 3.4s (next.js: 8ms, application-code: 3.3s)
 GET / 200 in 3.5s (next.js: 49ms, application-code: 3.5s)
 GET / 200 in 3.4s (next.js: 9ms, application-code: 3.4s)
✓ Compiled in 108ms
 GET / 200 in 4.6s (next.js: 116ms, application-code: 4.4s)
 GET / 200 in 3.7s (next.js: 7ms, application-code: 3.7s)
 GET / 200 in 4.1s (next.js: 111ms, application-code: 4.0s)
 GET / 200 in 3.7s (next.js: 44ms, application-code: 3.7s)
 GET /admin/access-control 200 in 4.8s (next.js: 344ms, application-code: 4.5s)
 GET /admin/access-control 200 in 4.3s (next.js: 294ms, application-code: 4.0s)
 GET / 200 in 4.1s (next.js: 14ms, application-code: 4.1s)
 GET / 200 in 4.2s (next.js: 91ms, application-code: 4.1s)
 GET / 200 in 4.3s (next.js: 56ms, application-code: 4.2s)
 GET / 200 in 4.4s (next.js: 95ms, application-code: 4.3s)
 GET / 200 in 4.2s (next.js: 7ms, application-code: 4.2s)
 GET / 200 in 4.4s (next.js: 45ms, application-code: 4.3s)
 GET / 200 in 4.0s (next.js: 7ms, application-code: 4.0s)
 GET / 200 in 3.8s (next.js: 10ms, application-code: 3.8s)
 GET / 200 in 3.7s (next.js: 7ms, application-code: 3.7s)
 GET / 200 in 3.8s (next.js: 21ms, application-code: 3.8s)
 GET /admin/access-control 200 in 3.8s (next.js: 5ms, application-code: 3.8s)
 GET /admin/access-control 200 in 3.6s (next.js: 5ms, application-code: 3.6s)
 GET /admin/access-control 200 in 2.7s (next.js: 26ms, application-code: 2.7s)
 GET /admin/access-control 200 in 2.7s (next.js: 4ms, application-code: 2.7s)
 GET /admin/access-control 200 in 2.6s (next.js: 5ms, application-code: 2.6s)
 GET /admin/access-control 200 in 2.7s (next.js: 31ms, application-code: 2.7s)
 GET /admin/access-control 200 in 2.6s (next.js: 5ms, application-code: 2.6s)
 GET /admin/access-control 200 in 2.7s (next.js: 9ms, application-code: 2.7s)
 GET /admin/access-control 200 in 2.5s (next.js: 7ms, application-code: 2.5s)
 GET /admin/access-control 200 in 2.4s (next.js: 55ms, application-code: 2.4s)
 GET /admin/access-control 200 in 2.4s (next.js: 5ms, application-code: 2.4s)
 GET /admin/access-control 200 in 2.4s (next.js: 28ms, application-code: 2.4s)
✓ Compiled in 151ms
 GET / 200 in 4.2s (next.js: 127ms, application-code: 4.1s)
 GET / 200 in 3.9s (next.js: 11ms, application-code: 3.9s)
 GET / 200 in 3.8s (next.js: 7ms, application-code: 3.8s)
 GET / 200 in 3.8s (next.js: 42ms, application-code: 3.7s)
 GET /admin/access-control 200 in 4.4s (next.js: 328ms, application-code: 4.1s)
 GET /admin/access-control 200 in 4.0s (next.js: 8ms, application-code: 4.0s)
 GET / 200 in 3.7s (next.js: 8ms, application-code: 3.7s)
 GET / 200 in 3.7s (next.js: 44ms, application-code: 3.7s)
 GET / 200 in 3.7s (next.js: 83ms, application-code: 3.6s)
 GET /admin/access-control 200 in 3.8s (next.js: 81ms, application-code: 3.7s)
 GET /admin/access-control 200 in 3.6s (next.js: 4ms, application-code: 3.6s)
 GET /admin/access-control 200 in 3.6s (next.js: 5ms, application-code: 3.6s)
 GET /admin/access-control 200 in 2.1s (next.js: 5ms, application-code: 2.1s)
 GET /admin/access-control 200 in 2.0s (next.js: 8ms, application-code: 2.0s)
 GET / 200 in 4.2s (next.js: 129ms, application-code: 4.0s)
 GET / 200 in 3.7s (next.js: 111ms, application-code: 3.5s)
 GET / 200 in 3.3s (next.js: 7ms, application-code: 3.3s)
 GET / 200 in 3.5s (next.js: 53ms, application-code: 3.4s)
 GET /admin/access-control 200 in 3.9s (next.js: 290ms, application-code: 3.6s)
 GET /admin/access-control 200 in 4.4s (next.js: 348ms, application-code: 4.0s)
 GET / 200 in 4.2s (next.js: 7ms, application-code: 4.2s)
 GET / 200 in 4.0s (next.js: 7ms, application-code: 4.0s)
 GET / 200 in 4.4s (next.js: 48ms, application-code: 4.3s)
 GET / 200 in 4.2s (next.js: 47ms, application-code: 4.1s)
 GET / 200 in 4.4s (next.js: 8ms, application-code: 4.4s)
 GET / 200 in 4.3s (next.js: 9ms, application-code: 4.3s)
 GET / 200 in 4.0s (next.js: 8ms, application-code: 3.9s)
 GET /admin/access-control 200 in 3.7s (next.js: 18ms, application-code: 3.7s)
 GET /admin/access-control 200 in 3.8s (next.js: 46ms, application-code: 3.7s)
 GET / 200 in 3.9s (next.js: 9ms, application-code: 3.9s)
 GET / 200 in 3.9s (next.js: 6ms, application-code: 3.9s)
 GET / 200 in 4.1s (next.js: 7ms, application-code: 4.1s)
 GET /admin/access-control 200 in 2.7s (next.js: 6ms, application-code: 2.7s)
 GET /admin/access-control 200 in 2.7s (next.js: 34ms, application-code: 2.7s)
 GET /admin/access-control 200 in 2.7s (next.js: 5ms, application-code: 2.7s)
 GET /admin/access-control 200 in 2.9s (next.js: 4ms, application-code: 2.9s)
 GET /admin/access-control 200 in 2.7s (next.js: 28ms, application-code: 2.7s)
 GET /admin/access-control 200 in 2.8s (next.js: 6ms, application-code: 2.8s)
 GET /admin/access-control 200 in 2.3s (next.js: 29ms, application-code: 2.3s)
 GET /admin/access-control 200 in 2.4s (next.js: 6ms, application-code: 2.4s)
 GET /admin/access-control 200 in 2.4s (next.js: 31ms, application-code: 2.3s)
 GET /admin/access-control 200 in 2.3s (next.js: 31ms, application-code: 2.3s)
 GET / 200 in 3.3s (next.js: 115ms, application-code: 3.2s)
 GET / 200 in 3.1s (next.js: 9ms, application-code: 3.0s)
 GET /admin/access-control 200 in 3.3s (next.js: 228ms, application-code: 3.1s)
 GET /admin/access-control 200 in 3.0s (next.js: 9ms, application-code: 3.0s)
✓ Compiled in 95ms
 GET / 200 in 4.5s (next.js: 125ms, application-code: 4.4s)
 GET / 200 in 4.1s (next.js: 217ms, application-code: 3.9s)
 GET / 200 in 3.8s (next.js: 9ms, application-code: 3.8s)
 GET / 200 in 3.8s (next.js: 55ms, application-code: 3.7s)
 GET /admin/access-control 200 in 4.6s (next.js: 266ms, application-code: 4.3s)
 GET /admin/access-control 200 in 4.2s (next.js: 296ms, application-code: 3.9s)
 GET /admin/access-control 200 in 2.1s (next.js: 8ms, application-code: 2.1s)
 GET /admin/access-control 200 in 2.2s (next.js: 5ms, application-code: 2.2s)
✓ Compiled in 201ms
✓ Compiled in 454ms
✓ Compiled in 372ms
✓ Compiled in 199ms
 GET / 200 in 7.3s (next.js: 24ms, application-code: 7.3s)
 GET / 200 in 8.0s (next.js: 207ms, application-code: 7.8s)
 GET / 200 in 7.0s (next.js: 79ms, application-code: 7.0s)
 GET / 200 in 7.0s (next.js: 10ms, application-code: 7.0s)
 GET /admin/access-control 200 in 8.0s (next.js: 237ms, application-code: 7.7s)
 GET /admin/access-control 200 in 8.7s (next.js: 555ms, application-code: 8.1s)
 GET / 200 in 4.7s (next.js: 202ms, application-code: 4.5s)
 GET / 200 in 4.8s (next.js: 321ms, application-code: 4.5s)
 GET / 200 in 4.6s (next.js: 93ms, application-code: 4.6s)
 GET / 200 in 4.3s (next.js: 12ms, application-code: 4.3s)
 GET / 200 in 4.6s (next.js: 84ms, application-code: 4.5s)
 GET / 200 in 4.5s (next.js: 90ms, application-code: 4.4s)
 GET / 200 in 4.1s (next.js: 10ms, application-code: 4.1s)
 GET /admin/access-control 200 in 4.2s (next.js: 8ms, application-code: 4.2s)
 GET /admin/access-control 200 in 4.4s (next.js: 82ms, application-code: 4.3s)
 GET /admin/access-control 200 in 4.2s (next.js: 49ms, application-code: 4.2s)
 GET /admin/access-control 200 in 4.0s (next.js: 8ms, application-code: 4.0s)
 GET /admin/access-control 200 in 4.4s (next.js: 97ms, application-code: 4.3s)
✓ Compiled in 242ms
 GET / 200 in 3.7s (next.js: 9ms, application-code: 3.7s)
 GET /admin/access-control 200 in 4.4s (next.js: 54ms, application-code: 4.3s)
 GET /admin/access-control 200 in 4.7s (next.js: 9ms, application-code: 4.7s)
 GET /admin/access-control 200 in 4.4s (next.js: 10ms, application-code: 4.4s)
 GET /admin/access-control 200 in 4.4s (next.js: 98ms, application-code: 4.3s)
 GET /admin/access-control 200 in 4.8s (next.js: 143ms, application-code: 4.6s)
 GET / 200 in 4.2s (next.js: 195ms, application-code: 4.0s)
 GET /admin/access-control 200 in 5.0s (next.js: 227ms, application-code: 4.8s)
 GET /admin/access-control 200 in 4.2s (next.js: 7ms, application-code: 4.2s)
 GET /admin/access-control 200 in 4.6s (next.js: 336ms, application-code: 4.3s)
 GET /admin/access-control 200 in 4.1s (next.js: 8ms, application-code: 4.1s)
 GET /admin/access-control 200 in 4.2s (next.js: 21ms, application-code: 4.2s)
 GET /admin/access-control 200 in 3.5s (next.js: 11ms, application-code: 3.5s)
 GET /admin/access-control 200 in 3.9s (next.js: 12ms, application-code: 3.9s)
 GET /admin/access-control 200 in 3.5s (next.js: 59ms, application-code: 3.4s)
 GET /admin/access-control 200 in 3.4s (next.js: 58ms, application-code: 3.3s)
 GET /admin/access-control 200 in 3.4s (next.js: 60ms, application-code: 3.4s)
 GET /admin/access-control 200 in 3.4s (next.js: 100ms, application-code: 3.3s)
 GET /admin/access-control 200 in 4.0s (next.js: 11ms, application-code: 4.0s)
 GET /admin/access-control 200 in 4.0s (next.js: 55ms, application-code: 4.0s)
 GET /admin/access-control 200 in 4.0s (next.js: 57ms, application-code: 4.0s)
 GET /admin/access-control 200 in 3.8s (next.js: 18ms, application-code: 3.8s)
 GET /admin/access-control 200 in 4.0s (next.js: 12ms, application-code: 4.0s)
 GET /admin/access-control 200 in 4.0s (next.js: 54ms, application-code: 3.9s)
 GET /admin/access-control 200 in 3.7s (next.js: 99ms, application-code: 3.6s)
 GET /admin/access-control 200 in 3.7s (next.js: 8ms, application-code: 3.7s)
 GET /admin/access-control 200 in 3.8s (next.js: 8ms, application-code: 3.8s)
 GET /admin/access-control 200 in 3.7s (next.js: 55ms, application-code: 3.6s)
 GET /admin/access-control 200 in 3.7s (next.js: 9ms, application-code: 3.7s)
 GET /admin/access-control 200 in 3.7s (next.js: 106ms, application-code: 3.6s)
 GET /admin/access-control 200 in 3.9s (next.js: 58ms, application-code: 3.8s)
 GET /admin/access-control 200 in 3.9s (next.js: 11ms, application-code: 3.9s)
 GET /admin/access-control 200 in 3.8s (next.js: 104ms, application-code: 3.7s)
 GET /admin/access-control 200 in 3.9s (next.js: 59ms, application-code: 3.8s)
 GET /admin/access-control 200 in 3.7s (next.js: 20ms, application-code: 3.6s)
 GET /admin/access-control 200 in 3.9s (next.js: 103ms, application-code: 3.8s)
 GET /admin/access-control 200 in 3.9s (next.js: 116ms, application-code: 3.8s)
 GET /admin/access-control 200 in 3.9s (next.js: 147ms, application-code: 3.7s)
 GET /admin/access-control 200 in 3.9s (next.js: 103ms, application-code: 3.8s)
 GET /admin/access-control 200 in 4.0s (next.js: 10ms, application-code: 4.0s)
 GET /admin/access-control 200 in 3.9s (next.js: 70ms, application-code: 3.9s)
 GET /admin/access-control 200 in 4.0s (next.js: 55ms, application-code: 3.9s)
 GET /admin/access-control 200 in 4.1s (next.js: 52ms, application-code: 4.1s)
 GET /admin/access-control 200 in 4.0s (next.js: 103ms, application-code: 3.9s)
 GET /admin/access-control 200 in 4.1s (next.js: 103ms, application-code: 4.0s)
 GET /admin/access-control 200 in 4.1s (next.js: 12ms, application-code: 4.1s)
 GET /admin/access-control 200 in 4.1s (next.js: 145ms, application-code: 4.0s)
 GET /admin/access-control 200 in 3.9s (next.js: 54ms, application-code: 3.9s)
✓ Compiled in 0ms
 GET /admin/access-control 200 in 4.5s (next.js: 105ms, application-code: 4.4s)
 GET /admin/access-control 200 in 4.5s (next.js: 64ms, application-code: 4.4s)
 GET /admin/access-control 200 in 4.8s (next.js: 224ms, application-code: 4.6s)
 GET /admin/access-control 200 in 4.8s (next.js: 315ms, application-code: 4.5s)
 GET /admin/access-control 200 in 4.2s (next.js: 8ms, application-code: 4.2s)
 GET /admin/access-control 200 in 4.3s (next.js: 16ms, application-code: 4.3s)
 GET / 200 in 4.3s (next.js: 454ms, application-code: 3.8s)
 GET /admin/access-control 200 in 4.6s (next.js: 12ms, application-code: 4.6s)
 GET /admin/access-control 200 in 4.6s (next.js: 103ms, application-code: 4.5s)
 GET /admin/access-control 200 in 4.6s (next.js: 58ms, application-code: 4.5s)
 GET /admin/access-control 200 in 4.5s (next.js: 110ms, application-code: 4.4s)
 GET /admin/access-control 200 in 4.6s (next.js: 63ms, application-code: 4.6s)
 GET / 200 in 4.5s (next.js: 19ms, application-code: 4.5s)
 GET / 200 in 4.3s (next.js: 10ms, application-code: 4.3s)
 GET / 200 in 4.5s (next.js: 87ms, application-code: 4.4s)
 GET / 200 in 4.3s (next.js: 46ms, application-code: 4.3s)
 GET / 200 in 4.3s (next.js: 118ms, application-code: 4.2s)
 GET / 200 in 4.5s (next.js: 78ms, application-code: 4.5s)
✓ Compiled in 236ms
 GET / 200 in 4.4s (next.js: 10ms, application-code: 4.4s)
 GET / 200 in 4.3s (next.js: 13ms, application-code: 4.3s)
 GET / 200 in 4.6s (next.js: 100ms, application-code: 4.5s)
 GET / 200 in 4.6s (next.js: 17ms, application-code: 4.6s)
 GET / 200 in 4.6s (next.js: 190ms, application-code: 4.4s)
 GET / 200 in 5.0s (next.js: 263ms, application-code: 4.8s)
 GET / 200 in 4.7s (next.js: 298ms, application-code: 4.4s)
 GET / 200 in 4.2s (next.js: 9ms, application-code: 4.2s)
 GET / 200 in 4.4s (next.js: 104ms, application-code: 4.3s)
 GET / 200 in 4.4s (next.js: 24ms, application-code: 4.4s)
 GET / 200 in 4.4s (next.js: 183ms, application-code: 4.2s)
 GET / 200 in 4.3s (next.js: 12ms, application-code: 4.3s)
 GET / 200 in 4.4s (next.js: 12ms, application-code: 4.4s)
 GET / 200 in 4.4s (next.js: 12ms, application-code: 4.4s)
 GET / 200 in 4.3s (next.js: 14ms, application-code: 4.3s)
 GET / 200 in 4.3s (next.js: 79ms, application-code: 4.3s)
 GET / 200 in 4.6s (next.js: 148ms, application-code: 4.4s)
 GET / 200 in 4.3s (next.js: 10ms, application-code: 4.3s)
 GET / 200 in 4.2s (next.js: 10ms, application-code: 4.2s)
 GET / 200 in 4.2s (next.js: 9ms, application-code: 4.2s)
 GET / 200 in 4.0s (next.js: 21ms, application-code: 4.0s)
 GET / 200 in 4.3s (next.js: 10ms, application-code: 4.3s)
 GET / 200 in 4.1s (next.js: 9ms, application-code: 4.1s)
 GET / 200 in 4.0s (next.js: 16ms, application-code: 4.0s)
 GET / 200 in 4.2s (next.js: 14ms, application-code: 4.2s)
 GET / 200 in 4.3s (next.js: 9ms, application-code: 4.3s)
 GET / 200 in 4.2s (next.js: 13ms, application-code: 4.2s)
 GET / 200 in 4.1s (next.js: 14ms, application-code: 4.1s)
 GET / 200 in 4.2s (next.js: 80ms, application-code: 4.1s)
 GET / 200 in 4.1s (next.js: 14ms, application-code: 4.1s)
 GET / 200 in 4.3s (next.js: 56ms, application-code: 4.2s)
 GET / 200 in 4.2s (next.js: 13ms, application-code: 4.2s)
 GET / 200 in 4.2s (next.js: 14ms, application-code: 4.2s)
 GET / 200 in 4.1s (next.js: 40ms, application-code: 4.1s)
 GET / 200 in 4.2s (next.js: 12ms, application-code: 4.2s)
 GET / 200 in 4.2s (next.js: 101ms, application-code: 4.1s)
 GET / 200 in 4.2s (next.js: 10ms, application-code: 4.2s)
 GET / 200 in 4.0s (next.js: 8ms, application-code: 4.0s)
 GET / 200 in 4.3s (next.js: 9ms, application-code: 4.3s)
 GET / 200 in 4.1s (next.js: 19ms, application-code: 4.1s)
 GET / 200 in 4.0s (next.js: 9ms, application-code: 4.0s)
 GET / 200 in 4.2s (next.js: 13ms, application-code: 4.2s)
 GET / 200 in 4.6s (next.js: 12ms, application-code: 4.6s)
 GET / 200 in 4.6s (next.js: 97ms, application-code: 4.5s)
 GET / 200 in 4.4s (next.js: 232ms, application-code: 4.2s)
 GET / 200 in 4.4s (next.js: 167ms, application-code: 4.3s)
 GET /admin/access-control 200 in 4.8s (next.js: 108ms, application-code: 4.7s)
 GET /admin/access-control 200 in 4.5s (next.js: 8ms, application-code: 4.5s)
 GET / 200 in 4.4s (next.js: 12ms, application-code: 4.4s)
 GET / 200 in 4.3s (next.js: 77ms, application-code: 4.2s)
 GET / 200 in 4.3s (next.js: 64ms, application-code: 4.2s)
 GET /admin/access-control 200 in 4.6s (next.js: 84ms, application-code: 4.5s)
 GET /admin/access-control 200 in 4.2s (next.js: 7ms, application-code: 4.2s)
 GET /admin/access-control 200 in 4.2s (next.js: 50ms, application-code: 4.2s)
 GET /admin/access-control 200 in 2.2s (next.js: 10ms, application-code: 2.2s)
 GET / 200 in 2.3s (next.js: 59ms, application-code: 2.2s)
 GET / 200 in 6.1s (next.js: 56ms, application-code: 6.0s)
 GET / 200 in 5.8s (next.js: 10ms, application-code: 5.7s)
 GET / 200 in 5.6s (next.js: 12ms, application-code: 5.6s)
 GET / 200 in 5.6s (next.js: 84ms, application-code: 5.5s)
 GET /admin/access-control 200 in 6.1s (next.js: 11ms, application-code: 6.1s)
 GET /admin/access-control 200 in 6.5s (next.js: 245ms, application-code: 6.2s)
 GET / 200 in 5.4s (next.js: 12ms, application-code: 5.4s)
 GET / 200 in 5.4s (next.js: 87ms, application-code: 5.3s)
 GET /admin/access-control 200 in 5.5s (next.js: 230ms, application-code: 5.3s)
 GET /admin/access-control 200 in 5.1s (next.js: 57ms, application-code: 5.1s)
 GET /admin/access-control 200 in 5.1s (next.js: 9ms, application-code: 5.1s)
 GET /admin/access-control 200 in 5.5s (next.js: 167ms, application-code: 5.4s)
 GET / 200 in 1208ms (next.js: 11ms, application-code: 1198ms)
✓ Compiled in 260ms
 GET / 200 in 5.1s (next.js: 193ms, application-code: 4.9s)
 GET / 200 in 4.6s (next.js: 11ms, application-code: 4.6s)
 GET / 200 in 4.5s (next.js: 11ms, application-code: 4.5s)
 GET / 200 in 4.5s (next.js: 84ms, application-code: 4.4s)
 GET /admin/access-control 200 in 5.7s (next.js: 450ms, application-code: 5.3s)
 GET /admin/access-control 200 in 5.1s (next.js: 16ms, application-code: 5.1s)
 GET / 200 in 4.3s (next.js: 20ms, application-code: 4.3s)
 GET / 200 in 4.4s (next.js: 288ms, application-code: 4.1s)
 GET / 200 in 4.5s (next.js: 221ms, application-code: 4.3s)
 GET / 200 in 4.5s (next.js: 396ms, application-code: 4.1s)
 GET / 200 in 4.0s (next.js: 12ms, application-code: 3.9s)
 GET / 200 in 4.2s (next.js: 84ms, application-code: 4.1s)
 GET / 200 in 4.3s (next.js: 11ms, application-code: 4.3s)
 GET / 200 in 4.2s (next.js: 11ms, application-code: 4.2s)
 GET / 200 in 4.3s (next.js: 152ms, application-code: 4.1s)
 GET / 200 in 4.3s (next.js: 13ms, application-code: 4.3s)
 GET / 200 in 4.3s (next.js: 83ms, application-code: 4.2s)
 GET / 200 in 4.3s (next.js: 11ms, application-code: 4.3s)
 GET / 200 in 4.4s (next.js: 11ms, application-code: 4.4s)
 GET / 200 in 4.4s (next.js: 77ms, application-code: 4.3s)
 GET / 200 in 4.2s (next.js: 11ms, application-code: 4.2s)
 GET / 200 in 4.4s (next.js: 78ms, application-code: 4.4s)
 GET / 200 in 4.4s (next.js: 99ms, application-code: 4.3s)
 GET / 200 in 4.2s (next.js: 13ms, application-code: 4.1s)
 GET / 200 in 4.3s (next.js: 12ms, application-code: 4.2s)
 GET / 200 in 4.3s (next.js: 87ms, application-code: 4.2s)
 GET / 200 in 4.3s (next.js: 34ms, application-code: 4.3s)
 GET / 200 in 4.2s (next.js: 10ms, application-code: 4.2s)
 GET / 200 in 4.2s (next.js: 88ms, application-code: 4.1s)
 GET / 200 in 4.5s (next.js: 168ms, application-code: 4.3s)
 GET / 200 in 4.2s (next.js: 15ms, application-code: 4.2s)
 GET / 200 in 4.0s (next.js: 12ms, application-code: 4.0s)
 GET / 200 in 4.4s (next.js: 100ms, application-code: 4.3s)
 GET / 200 in 4.2s (next.js: 150ms, application-code: 4.1s)
 GET / 200 in 4.2s (next.js: 80ms, application-code: 4.2s)
 GET / 200 in 4.2s (next.js: 11ms, application-code: 4.2s)
 GET / 200 in 4.5s (next.js: 14ms, application-code: 4.4s)
 GET / 200 in 4.2s (next.js: 15ms, application-code: 4.2s)
 GET / 200 in 4.5s (next.js: 94ms, application-code: 4.4s)
 GET /admin/access-control 200 in 4.5s (next.js: 113ms, application-code: 4.3s)
 GET /admin/access-control 200 in 4.2s (next.js: 8ms, application-code: 4.2s)
 GET /admin/access-control 200 in 4.5s (next.js: 161ms, application-code: 4.3s)
 GET /admin/access-control 200 in 4.2s (next.js: 10ms, application-code: 4.2s)
 GET /admin/access-control 200 in 4.0s (next.js: 8ms, application-code: 4.0s)
 GET /admin/access-control 200 in 4.2s (next.js: 51ms, application-code: 4.2s)
 GET /admin/access-control 200 in 4.0s (next.js: 57ms, application-code: 4.0s)
 GET /admin/access-control 200 in 4.3s (next.js: 93ms, application-code: 4.2s)
 GET /admin/access-control 200 in 4.0s (next.js: 59ms, application-code: 3.9s)
 GET /admin/access-control 200 in 3.9s (next.js: 12ms, application-code: 3.9s)
 GET /admin/access-control 200 in 3.7s (next.js: 61ms, application-code: 3.6s)
 GET /admin/access-control 200 in 3.9s (next.js: 157ms, application-code: 3.7s)
 GET /admin/access-control 200 in 3.9s (next.js: 78ms, application-code: 3.8s)
 GET /admin/access-control 200 in 3.9s (next.js: 118ms, application-code: 3.8s)
 GET /admin/access-control 200 in 3.7s (next.js: 23ms, application-code: 3.7s)
 GET /admin/access-control 200 in 3.8s (next.js: 10ms, application-code: 3.8s)
 GET /admin/access-control 200 in 3.8s (next.js: 92ms, application-code: 3.7s)
 GET /admin/access-control 200 in 3.9s (next.js: 175ms, application-code: 3.7s)
 GET /admin/access-control 200 in 3.9s (next.js: 136ms, application-code: 3.8s)
 GET /admin/access-control 200 in 3.9s (next.js: 52ms, application-code: 3.9s)
 GET /admin/access-control 200 in 3.7s (next.js: 21ms, application-code: 3.7s)
 GET /admin/access-control 200 in 2.9s (next.js: 10ms, application-code: 2.9s)
 GET /admin/access-control 200 in 2.8s (next.js: 61ms, application-code: 2.7s)
 GET /admin/access-control 200 in 2.7s (next.js: 63ms, application-code: 2.6s)
 GET /admin/access-control 200 in 2.8s (next.js: 67ms, application-code: 2.8s)
 GET /admin/access-control 200 in 2.9s (next.js: 56ms, application-code: 2.9s)
 GET /admin/access-control 200 in 2.8s (next.js: 10ms, application-code: 2.8s)
 GET /admin/access-control 200 in 3.4s (next.js: 8ms, application-code: 3.4s)
 GET /admin/access-control 200 in 3.1s (next.js: 12ms, application-code: 3.1s)
 GET /admin/access-control 200 in 3.1s (next.js: 11ms, application-code: 3.1s)
 GET /admin/access-control 200 in 3.4s (next.js: 33ms, application-code: 3.3s)
 GET /admin/access-control 200 in 3.1s (next.js: 32ms, application-code: 3.0s)
 GET /admin/access-control 200 in 3.1s (next.js: 38ms, application-code: 3.1s)
 GET /admin/access-control 200 in 2.1s (next.js: 5ms, application-code: 2.1s)
 GET /admin/access-control 200 in 2.1s (next.js: 30ms, application-code: 2.0s)
✓ Compiled in 436ms
✓ Compiled in 268ms
 GET / 200 in 1374ms (next.js: 234ms, application-code: 1139ms)
 GET /admin/access-control 200 in 2.8s (next.js: 1413ms, application-code: 1361ms)
 GET / 200 in 5.2s (next.js: 146ms, application-code: 5.1s)
 GET / 200 in 5.0s (next.js: 6ms, application-code: 4.9s)
 GET / 200 in 5.0s (next.js: 47ms, application-code: 5.0s)
 GET / 200 in 5.1s (next.js: 7ms, application-code: 5.1s)
 GET / 200 in 4.2s (next.js: 118ms, application-code: 4.0s)
 GET / 200 in 1451ms (next.js: 7ms, application-code: 1444ms)
 GET / 200 in 1561ms (next.js: 10ms, application-code: 1551ms)
 GET / 200 in 1760ms (next.js: 10ms, application-code: 1750ms)
 GET / 200 in 1644ms (next.js: 10ms, application-code: 1634ms)
 GET / 200 in 1571ms (next.js: 52ms, application-code: 1519ms)
 GET / 200 in 154ms (next.js: 102ms, application-code: 52ms)
 GET / 200 in 159ms (next.js: 58ms, application-code: 101ms)
 GET / 200 in 161ms (next.js: 15ms, application-code: 146ms)
 GET / 200 in 4.1s (next.js: 8ms, application-code: 4.1s)
 GET /admin/access-control 200 in 5.4s (next.js: 178ms, application-code: 5.2s)
 GET /admin/access-control 200 in 5.1s (next.js: 8ms, application-code: 5.1s)
 GET /admin/access-control 200 in 5.2s (next.js: 7ms, application-code: 5.2s)
 GET /admin/access-control 200 in 5.2s (next.js: 9ms, application-code: 5.2s)
 GET /admin/access-control 200 in 5.2s (next.js: 38ms, application-code: 5.2s)
 GET /admin/access-control 200 in 5.3s (next.js: 38ms, application-code: 5.2s)
 GET /admin/access-control 200 in 2.1s (next.js: 6ms, application-code: 2.1s)
 GET /admin/access-control 200 in 2.1s (next.js: 7ms, application-code: 2.1s)
 GET /admin/access-control 200 in 2.2s (next.js: 8ms, application-code: 2.2s)
 GET /admin/access-control 200 in 2.2s (next.js: 7ms, application-code: 2.2s)
 GET /admin/access-control 200 in 2.2s (next.js: 37ms, application-code: 2.2s)
 GET /admin/access-control 200 in 2.1s (next.js: 7ms, application-code: 2.1s)
 GET /admin/access-control 200 in 2.0s (next.js: 6ms, application-code: 1995ms)
 GET /admin/access-control 200 in 1993ms (next.js: 6ms, application-code: 1988ms)
 GET /admin/access-control 200 in 2.0s (next.js: 10ms, application-code: 2.0s)
 GET /admin/access-control 200 in 1979ms (next.js: 7ms, application-code: 1972ms)
 GET /admin/access-control 200 in 1982ms (next.js: 33ms, application-code: 1949ms)
 GET /admin/access-control 200 in 2.0s (next.js: 7ms, application-code: 2.0s)
 GET /admin/access-control 200 in 1985ms (next.js: 6ms, application-code: 1979ms)
 GET /admin/access-control 200 in 2.6s (next.js: 6ms, application-code: 2.6s)
 GET /admin/access-control 200 in 2.5s (next.js: 8ms, application-code: 2.5s)
 GET /admin/access-control 200 in 2.5s (next.js: 34ms, application-code: 2.5s)
 GET /admin/access-control 200 in 2.6s (next.js: 13ms, application-code: 2.6s)
 GET /admin/access-control 200 in 2.6s (next.js: 5ms, application-code: 2.6s)
 GET /admin/access-control 200 in 2.5s (next.js: 7ms, application-code: 2.5s)
 GET /admin/access-control 200 in 2.1s (next.js: 5ms, application-code: 2.1s)
 GET /admin/access-control 200 in 2.2s (next.js: 36ms, application-code: 2.2s)
 GET /admin/access-control 200 in 2.0s (next.js: 5ms, application-code: 2.0s)
 GET /admin/access-control 200 in 2.2s (next.js: 36ms, application-code: 2.2s)
 GET /admin/access-control 200 in 2.1s (next.js: 7ms, application-code: 2.1s)
 GET /admin/access-control 200 in 2.0s (next.js: 6ms, application-code: 2.0s)
 GET /admin/access-control 200 in 1983ms (next.js: 6ms, application-code: 1977ms)
 GET /admin/access-control 200 in 2.1s (next.js: 6ms, application-code: 2.1s)
 GET /admin/access-control 200 in 2.2s (next.js: 66ms, application-code: 2.1s)
 GET /admin/access-control 200 in 2.2s (next.js: 38ms, application-code: 2.1s)
 GET /admin/access-control 200 in 2.2s (next.js: 9ms, application-code: 2.2s)
 GET /admin/access-control 200 in 1882ms (next.js: 6ms, application-code: 1876ms)
 GET /admin/access-control 200 in 1816ms (next.js: 6ms, application-code: 1810ms)
 GET /admin/access-control 200 in 1901ms (next.js: 41ms, application-code: 1859ms)
 GET /admin/access-control 200 in 1868ms (next.js: 6ms, application-code: 1862ms)
 GET /admin/access-control 200 in 1820ms (next.js: 8ms, application-code: 1812ms)
 GET /admin/access-control 200 in 1860ms (next.js: 6ms, application-code: 1854ms)
 GET /admin/access-control 200 in 1958ms (next.js: 7ms, application-code: 1952ms)
 GET /admin/access-control 200 in 2.0s (next.js: 43ms, application-code: 1964ms)
 GET /admin/access-control 200 in 2.1s (next.js: 74ms, application-code: 1990ms)
 GET /admin/access-control 200 in 1985ms (next.js: 7ms, application-code: 1978ms)
 GET /admin/access-control 200 in 2.0s (next.js: 40ms, application-code: 1975ms)
 GET /admin/access-control 200 in 1991ms (next.js: 6ms, application-code: 1985ms)
 GET /admin/access-control 200 in 1902ms (next.js: 5ms, application-code: 1896ms)
 GET /admin/access-control 200 in 1961ms (next.js: 6ms, application-code: 1955ms)
 GET /admin/access-control 200 in 1930ms (next.js: 5ms, application-code: 1925ms)
 GET /admin/access-control 200 in 1996ms (next.js: 5ms, application-code: 1991ms)
 GET /admin/access-control 200 in 2.0s (next.js: 5ms, application-code: 2.0s)
 GET /admin/access-control 200 in 1957ms (next.js: 5ms, application-code: 1951ms)
 GET /admin/access-control 200 in 1915ms (next.js: 6ms, application-code: 1909ms)
 GET /admin/access-control 200 in 1968ms (next.js: 6ms, application-code: 1962ms)
 GET /admin/access-control 200 in 1928ms (next.js: 5ms, application-code: 1923ms)
 GET /admin/access-control 200 in 2.0s (next.js: 35ms, application-code: 2.0s)
 GET /admin/access-control 200 in 1958ms (next.js: 5ms, application-code: 1953ms)
 GET /admin/access-control 200 in 1957ms (next.js: 5ms, application-code: 1951ms)
 GET /admin/access-control 200 in 1996ms (next.js: 8ms, application-code: 1989ms)
 GET /admin/access-control 200 in 1928ms (next.js: 7ms, application-code: 1921ms)
 GET /admin/access-control 200 in 1967ms (next.js: 6ms, application-code: 1960ms)
 GET /admin/access-control 200 in 1894ms (next.js: 8ms, application-code: 1887ms)
 GET /admin/access-control 200 in 1970ms (next.js: 4ms, application-code: 1965ms)
 GET /admin/access-control 200 in 1964ms (next.js: 5ms, application-code: 1959ms)
 GET /admin/access-control 200 in 1958ms (next.js: 5ms, application-code: 1953ms)
 GET /admin/access-control 200 in 1952ms (next.js: 6ms, application-code: 1947ms)
 GET /admin/access-control 200 in 1937ms (next.js: 5ms, application-code: 1932ms)
 GET /admin/access-control 200 in 1940ms (next.js: 6ms, application-code: 1934ms)
 GET /admin/access-control 200 in 1945ms (next.js: 5ms, application-code: 1940ms)
 GET /admin/access-control 200 in 1945ms (next.js: 5ms, application-code: 1940ms)
 GET /admin/access-control 200 in 1925ms (next.js: 5ms, application-code: 1919ms)
 GET /admin/access-control 200 in 1963ms (next.js: 5ms, application-code: 1958ms)
 GET /admin/access-control 200 in 1962ms (next.js: 9ms, application-code: 1953ms)
 GET /admin/access-control 200 in 1926ms (next.js: 6ms, application-code: 1920ms)
 GET /admin/access-control 200 in 1959ms (next.js: 6ms, application-code: 1953ms)
 GET /admin/access-control 200 in 1956ms (next.js: 7ms, application-code: 1948ms)
 GET /admin/access-control 200 in 1993ms (next.js: 6ms, application-code: 1988ms)
 GET /admin/access-control 200 in 2.0s (next.js: 5ms, application-code: 1998ms)
 GET /admin/access-control 200 in 1994ms (next.js: 8ms, application-code: 1986ms)
 GET /admin/access-control 200 in 1961ms (next.js: 5ms, application-code: 1955ms)
 GET /admin/access-control 200 in 2.0s (next.js: 6ms, application-code: 1997ms)
 GET /admin/access-control 200 in 1966ms (next.js: 6ms, application-code: 1960ms)
 GET /admin/access-control 200 in 1928ms (next.js: 5ms, application-code: 1923ms)
 GET /admin/access-control 200 in 2.2s (next.js: 5ms, application-code: 2.2s)
 GET /admin/access-control 200 in 2.2s (next.js: 8ms, application-code: 2.2s)
 GET /admin/access-control 200 in 2.2s (next.js: 13ms, application-code: 2.2s)
 GET /admin/access-control 200 in 2.1s (next.js: 7ms, application-code: 2.1s)
 GET /admin/access-control 200 in 2.1s (next.js: 9ms, application-code: 2.1s)
 GET /admin/access-control 200 in 2.1s (next.js: 6ms, application-code: 2.1s)
 GET /admin/access-control 200 in 1973ms (next.js: 13ms, application-code: 1960ms)
 GET /admin/access-control 200 in 2.0s (next.js: 37ms, application-code: 1978ms)
 GET /admin/access-control 200 in 2.1s (next.js: 10ms, application-code: 2.1s)
 GET /admin/access-control 200 in 2.0s (next.js: 6ms, application-code: 2.0s)
 GET /admin/access-control 200 in 2.1s (next.js: 8ms, application-code: 2.1s)
 GET /admin/access-control 200 in 2.1s (next.js: 8ms, application-code: 2.1s)
 GET /admin/access-control 200 in 2.3s (next.js: 72ms, application-code: 2.2s)
 GET /admin/access-control 200 in 2.0s (next.js: 6ms, application-code: 2.0s)
 GET /admin/access-control 200 in 1981ms (next.js: 7ms, application-code: 1974ms)
 GET /admin/access-control 200 in 2.2s (next.js: 10ms, application-code: 2.2s)
 GET /admin/access-control 200 in 2.1s (next.js: 7ms, application-code: 2.0s)
 GET /admin/access-control 200 in 2.1s (next.js: 7ms, application-code: 2.1s)
 GET /admin/access-control 200 in 2.1s (next.js: 6ms, application-code: 2.1s)
 GET /admin/access-control 200 in 2.0s (next.js: 40ms, application-code: 1998ms)
 GET /admin/access-control 200 in 2.0s (next.js: 6ms, application-code: 2.0s)
 GET /admin/access-control 200 in 1968ms (next.js: 6ms, application-code: 1962ms)
 GET /admin/access-control 200 in 1971ms (next.js: 41ms, application-code: 1930ms)
 GET /admin/access-control 200 in 1964ms (next.js: 5ms, application-code: 1959ms)
 GET /admin/access-control 200 in 1954ms (next.js: 5ms, application-code: 1949ms)
 GET /admin/access-control 200 in 1950ms (next.js: 6ms, application-code: 1945ms)
 GET /admin/access-control 200 in 2.1s (next.js: 7ms, application-code: 2.1s)
 GET /admin/access-control 200 in 1987ms (next.js: 5ms, application-code: 1982ms)
 GET /admin/access-control 200 in 1959ms (next.js: 7ms, application-code: 1952ms)
 GET /admin/access-control 200 in 1983ms (next.js: 8ms, application-code: 1976ms)
 GET /admin/access-control 200 in 1880ms (next.js: 5ms, application-code: 1875ms)
 GET /admin/access-control 200 in 1975ms (next.js: 6ms, application-code: 1969ms)
 GET /admin/access-control 200 in 2.3s (next.js: 6ms, application-code: 2.3s)
 GET /admin/access-control 200 in 2.2s (next.js: 7ms, application-code: 2.2s)
 GET /admin/access-control 200 in 2.2s (next.js: 6ms, application-code: 2.2s)
 GET /admin/access-control 200 in 1923ms (next.js: 7ms, application-code: 1916ms)
 GET /admin/access-control 200 in 2.2s (next.js: 5ms, application-code: 2.2s)
 GET /admin/access-control 200 in 2.1s (next.js: 8ms, application-code: 2.1s)
 GET /admin/access-control 200 in 2.0s (next.js: 7ms, application-code: 1999ms)
 GET /admin/access-control 200 in 2.0s (next.js: 37ms, application-code: 1970ms)
 GET /admin/access-control 200 in 2.0s (next.js: 6ms, application-code: 2.0s)
 GET /admin/access-control 200 in 1980ms (next.js: 6ms, application-code: 1974ms)
 GET /admin/access-control 200 in 1685ms (next.js: 9ms, application-code: 1676ms)
 GET /admin/access-control 200 in 1925ms (next.js: 8ms, application-code: 1917ms)
 GET /admin/access-control 200 in 1857ms (next.js: 7ms, application-code: 1850ms)
 GET /admin/access-control 200 in 1967ms (next.js: 41ms, application-code: 1927ms)
 GET /admin/access-control 200 in 1872ms (next.js: 6ms, application-code: 1865ms)
 GET /admin/access-control 200 in 1817ms (next.js: 6ms, application-code: 1811ms)
 GET /admin/access-control 200 in 1927ms (next.js: 6ms, application-code: 1922ms)
 GET /admin/access-control 200 in 1797ms (next.js: 6ms, application-code: 1790ms)
 GET /admin/access-control 200 in 1958ms (next.js: 5ms, application-code: 1952ms)
 GET /admin/access-control 200 in 1850ms (next.js: 5ms, application-code: 1845ms)
 GET /admin/access-control 200 in 1946ms (next.js: 7ms, application-code: 1939ms)
 GET /admin/access-control 200 in 1846ms (next.js: 6ms, application-code: 1841ms)
 GET /admin/access-control 200 in 1850ms (next.js: 6ms, application-code: 1844ms)
 GET /admin/access-control 200 in 1910ms (next.js: 6ms, application-code: 1903ms)
 GET /admin/access-control 200 in 1902ms (next.js: 6ms, application-code: 1895ms)
 GET /admin/access-control 200 in 1907ms (next.js: 8ms, application-code: 1898ms)
 GET /admin/access-control 200 in 1856ms (next.js: 8ms, application-code: 1848ms)
 GET /admin/access-control 200 in 1907ms (next.js: 6ms, application-code: 1901ms)
 GET /admin/access-control 200 in 1908ms (next.js: 5ms, application-code: 1903ms)
 GET /admin/access-control 200 in 1907ms (next.js: 5ms, application-code: 1902ms)
 GET /admin/access-control 200 in 1882ms (next.js: 6ms, application-code: 1875ms)
 GET /admin/access-control 200 in 1882ms (next.js: 6ms, application-code: 1876ms)
 GET /admin/access-control 200 in 1883ms (next.js: 6ms, application-code: 1877ms)
 GET /admin/access-control 200 in 1976ms (next.js: 5ms, application-code: 1971ms)
 GET /admin/access-control 200 in 1930ms (next.js: 5ms, application-code: 1925ms)
 GET /admin/access-control 200 in 1883ms (next.js: 6ms, application-code: 1876ms)
 GET /admin/access-control 200 in 1885ms (next.js: 6ms, application-code: 1880ms)
 GET /admin/access-control 200 in 1946ms (next.js: 6ms, application-code: 1941ms)
 GET /admin/access-control 200 in 2.1s (next.js: 5ms, application-code: 2.1s)
 GET /admin/access-control 200 in 2.1s (next.js: 9ms, application-code: 2.1s)
 GET /admin/access-control 200 in 2.1s (next.js: 12ms, application-code: 2.1s)
 GET /admin/access-control 200 in 2.0s (next.js: 11ms, application-code: 2.0s)
 GET /admin/access-control 200 in 2.1s (next.js: 16ms, application-code: 2.1s)
 GET /admin/access-control 200 in 1995ms (next.js: 9ms, application-code: 1985ms)
 GET /admin/access-control 200 in 2.2s (next.js: 31ms, application-code: 2.1s)
 GET /admin/access-control 200 in 1934ms (next.js: 11ms, application-code: 1923ms)
 GET /admin/access-control 200 in 1848ms (next.js: 10ms, application-code: 1838ms)
 GET /admin/access-control 200 in 1858ms (next.js: 12ms, application-code: 1846ms)
 GET /admin/access-control 200 in 1941ms (next.js: 8ms, application-code: 1934ms)
 GET /admin/access-control 200 in 1907ms (next.js: 6ms, application-code: 1900ms)
 GET /admin/access-control 200 in 1894ms (next.js: 6ms, application-code: 1888ms)
 GET /admin/access-control 200 in 1841ms (next.js: 6ms, application-code: 1835ms)
 GET /admin/access-control 200 in 1921ms (next.js: 5ms, application-code: 1916ms)
 GET /admin/access-control 200 in 1823ms (next.js: 6ms, application-code: 1817ms)
 GET /admin/access-control 200 in 1951ms (next.js: 7ms, application-code: 1944ms)
 GET /admin/access-control 200 in 1952ms (next.js: 34ms, application-code: 1918ms)
 GET /admin/access-control 200 in 1882ms (next.js: 6ms, application-code: 1876ms)
 GET /admin/access-control 200 in 1865ms (next.js: 10ms, application-code: 1855ms)
 GET /admin/access-control 200 in 1804ms (next.js: 6ms, application-code: 1798ms)
 GET /admin/access-control 200 in 1807ms (next.js: 33ms, application-code: 1774ms)
 GET /admin/access-control 200 in 2.1s (next.js: 7ms, application-code: 2.1s)
 GET /admin/access-control 200 in 2.1s (next.js: 36ms, application-code: 2.0s)
 GET /admin/access-control 200 in 2.1s (next.js: 6ms, application-code: 2.0s)
 GET /admin/access-control 200 in 2.0s (next.js: 5ms, application-code: 2.0s)
 GET /admin/access-control 200 in 1988ms (next.js: 5ms, application-code: 1983ms)
 GET /admin/access-control 200 in 2.0s (next.js: 5ms, application-code: 2.0s)
 GET /admin/access-control 200 in 1846ms (next.js: 6ms, application-code: 1840ms)
 GET /admin/access-control 200 in 1916ms (next.js: 6ms, application-code: 1910ms)
 GET /admin/access-control 200 in 1835ms (next.js: 6ms, application-code: 1829ms)
 GET /admin/access-control 200 in 1833ms (next.js: 6ms, application-code: 1827ms)
 GET /admin/access-control 200 in 1842ms (next.js: 5ms, application-code: 1837ms)
 GET /admin/access-control 200 in 1893ms (next.js: 33ms, application-code: 1860ms)
 GET /admin/access-control 200 in 1835ms (next.js: 7ms, application-code: 1828ms)
 GET /admin/access-control 200 in 1839ms (next.js: 7ms, application-code: 1832ms)
 GET /admin/access-control 200 in 1832ms (next.js: 5ms, application-code: 1826ms)
 GET /admin/access-control 200 in 1856ms (next.js: 11ms, application-code: 1845ms)
 GET /admin/access-control 200 in 1858ms (next.js: 6ms, application-code: 1852ms)
 GET /admin/access-control 200 in 1810ms (next.js: 5ms, application-code: 1804ms)
 GET /admin/access-control 200 in 1822ms (next.js: 6ms, application-code: 1815ms)
 GET /admin/access-control 200 in 1842ms (next.js: 7ms, application-code: 1834ms)
 GET /admin/access-control 200 in 1848ms (next.js: 5ms, application-code: 1843ms)
 GET /admin/access-control 200 in 1668ms (next.js: 5ms, application-code: 1662ms)
 GET /admin/access-control 200 in 1817ms (next.js: 5ms, application-code: 1812ms)
 GET /admin/access-control 200 in 1848ms (next.js: 6ms, application-code: 1842ms)
 GET /admin/access-control 200 in 1913ms (next.js: 5ms, application-code: 1907ms)
 GET /admin/access-control 200 in 1822ms (next.js: 6ms, application-code: 1816ms)
 GET /admin/access-control 200 in 1861ms (next.js: 6ms, application-code: 1854ms)
 GET /admin/access-control 200 in 1792ms (next.js: 6ms, application-code: 1786ms)
 GET /admin/access-control 200 in 1716ms (next.js: 5ms, application-code: 1710ms)
 GET /admin/access-control 200 in 1860ms (next.js: 37ms, application-code: 1823ms)
 GET /admin/access-control 200 in 1840ms (next.js: 7ms, application-code: 1833ms)
 GET /admin/access-control 200 in 1769ms (next.js: 5ms, application-code: 1764ms)
 GET /admin/access-control 200 in 1860ms (next.js: 7ms, application-code: 1854ms)
 GET /admin/access-control 200 in 1868ms (next.js: 5ms, application-code: 1863ms)
 GET /admin/access-control 200 in 1843ms (next.js: 8ms, application-code: 1835ms)
 GET /admin/access-control 200 in 1740ms (next.js: 5ms, application-code: 1734ms)
 GET /admin/access-control 200 in 1800ms (next.js: 13ms, application-code: 1786ms)
 GET /admin/access-control 200 in 1844ms (next.js: 5ms, application-code: 1838ms)
 GET /admin/access-control 200 in 1888ms (next.js: 32ms, application-code: 1855ms)
 GET /admin/access-control 200 in 2.2s (next.js: 8ms, application-code: 2.2s)
 GET /admin/access-control 200 in 2.1s (next.js: 6ms, application-code: 2.1s)
 GET /admin/access-control 200 in 2.1s (next.js: 5ms, application-code: 2.1s)
 GET /admin/access-control 200 in 2.1s (next.js: 7ms, application-code: 2.1s)
 GET /admin/access-control 200 in 2.2s (next.js: 6ms, application-code: 2.2s)
 GET /admin/access-control 200 in 2.2s (next.js: 6ms, application-code: 2.2s)
 GET /admin/access-control 200 in 1847ms (next.js: 6ms, application-code: 1841ms)
 GET /admin/access-control 200 in 1829ms (next.js: 33ms, application-code: 1797ms)
 GET /admin/access-control 200 in 1917ms (next.js: 5ms, application-code: 1911ms)
 GET /admin/access-control 200 in 1856ms (next.js: 5ms, application-code: 1851ms)
 GET /admin/access-control 200 in 1857ms (next.js: 5ms, application-code: 1852ms)
 GET /admin/access-control 200 in 1855ms (next.js: 5ms, application-code: 1850ms)
 GET /admin/access-control 200 in 1850ms (next.js: 6ms, application-code: 1844ms)
 GET /admin/access-control 200 in 1858ms (next.js: 5ms, application-code: 1853ms)
 GET /admin/access-control 200 in 1852ms (next.js: 6ms, application-code: 1846ms)
 GET /admin/access-control 200 in 1860ms (next.js: 6ms, application-code: 1854ms)
 GET /admin/access-control 200 in 1887ms (next.js: 5ms, application-code: 1882ms)
 GET /admin/access-control 200 in 1836ms (next.js: 5ms, application-code: 1831ms)
 GET /admin/access-control 200 in 1821ms (next.js: 6ms, application-code: 1815ms)
 GET /admin/access-control 200 in 1839ms (next.js: 6ms, application-code: 1833ms)
 GET /admin/access-control 200 in 1799ms (next.js: 6ms, application-code: 1793ms)
 GET /admin/access-control 200 in 1784ms (next.js: 6ms, application-code: 1778ms)
 GET /admin/access-control 200 in 1776ms (next.js: 6ms, application-code: 1770ms)
 GET /admin/access-control 200 in 1904ms (next.js: 6ms, application-code: 1898ms)
 GET /admin/access-control 200 in 1860ms (next.js: 6ms, application-code: 1853ms)
 GET /admin/access-control 200 in 1852ms (next.js: 5ms, application-code: 1847ms)
 GET /admin/access-control 200 in 1814ms (next.js: 5ms, application-code: 1809ms)
 GET /admin/access-control 200 in 1901ms (next.js: 9ms, application-code: 1893ms)
 GET /admin/access-control 200 in 1871ms (next.js: 5ms, application-code: 1866ms)
 GET /admin/access-control 200 in 1823ms (next.js: 6ms, application-code: 1817ms)
 GET /admin/access-control 200 in 1882ms (next.js: 8ms, application-code: 1874ms)
 GET /admin/access-control 200 in 1870ms (next.js: 6ms, application-code: 1864ms)
 GET /admin/access-control 200 in 1904ms (next.js: 6ms, application-code: 1897ms)
 GET /admin/access-control 200 in 2.2s (next.js: 7ms, application-code: 2.2s)
 GET /admin/access-control 200 in 2.1s (next.js: 7ms, application-code: 2.1s)
 GET /admin/access-control 200 in 2.1s (next.js: 5ms, application-code: 2.1s)
 GET /admin/access-control 200 in 1998ms (next.js: 37ms, application-code: 1961ms)
 GET /admin/access-control 200 in 2.1s (next.js: 5ms, application-code: 2.1s)
 GET /admin/access-control 200 in 2.1s (next.js: 5ms, application-code: 2.1s)
 GET /admin/access-control 200 in 1868ms (next.js: 5ms, application-code: 1863ms)
 GET /admin/access-control 200 in 1901ms (next.js: 5ms, application-code: 1896ms)
 GET /admin/access-control 200 in 1917ms (next.js: 5ms, application-code: 1912ms)
 GET /admin/access-control 200 in 1925ms (next.js: 5ms, application-code: 1920ms)
 GET /admin/access-control 200 in 1913ms (next.js: 5ms, application-code: 1909ms)
 GET /admin/access-control 200 in 1876ms (next.js: 6ms, application-code: 1870ms)
 GET /admin/access-control 200 in 1907ms (next.js: 7ms, application-code: 1900ms)
 GET /admin/access-control 200 in 1893ms (next.js: 7ms, application-code: 1887ms)
 GET /admin/access-control 200 in 2.2s (next.js: 5ms, application-code: 2.2s)
 GET /admin/access-control 200 in 1995ms (next.js: 7ms, application-code: 1987ms)
 GET /admin/access-control 200 in 2.1s (next.js: 5ms, application-code: 2.1s)
 GET /admin/access-control 200 in 2.1s (next.js: 36ms, application-code: 2.1s)
 GET /admin/access-control 200 in 1811ms (next.js: 6ms, application-code: 1806ms)
 GET /admin/access-control 200 in 2.0s (next.js: 5ms, application-code: 2.0s)
 GET /admin/access-control 200 in 1838ms (next.js: 6ms, application-code: 1831ms)
 GET /admin/access-control 200 in 1912ms (next.js: 5ms, application-code: 1907ms)
 GET /admin/access-control 200 in 1824ms (next.js: 6ms, application-code: 1818ms)
 GET /admin/access-control 200 in 1866ms (next.js: 6ms, application-code: 1860ms)
 GET /admin/access-control 200 in 1832ms (next.js: 8ms, application-code: 1825ms)
 GET /admin/access-control 200 in 1702ms (next.js: 7ms, application-code: 1696ms)
 GET /admin/access-control 200 in 1798ms (next.js: 8ms, application-code: 1790ms)
 GET /admin/access-control 200 in 1982ms (next.js: 6ms, application-code: 1976ms)
 GET /admin/access-control 200 in 1891ms (next.js: 7ms, application-code: 1884ms)
 GET /admin/access-control 200 in 1834ms (next.js: 5ms, application-code: 1829ms)
 GET /admin/access-control 200 in 1897ms (next.js: 5ms, application-code: 1891ms)
 GET /admin/access-control 200 in 1922ms (next.js: 5ms, application-code: 1917ms)
 GET /admin/access-control 200 in 1799ms (next.js: 10ms, application-code: 1789ms)
 GET /admin/access-control 200 in 1829ms (next.js: 7ms, application-code: 1822ms)
 GET /admin/access-control 200 in 1945ms (next.js: 7ms, application-code: 1937ms)
 GET /admin/access-control 200 in 1978ms (next.js: 7ms, application-code: 1971ms)
 GET /admin/access-control 200 in 1909ms (next.js: 6ms, application-code: 1904ms)
 GET /admin/access-control 200 in 1875ms (next.js: 7ms, application-code: 1868ms)
 GET /admin/access-control 200 in 1790ms (next.js: 9ms, application-code: 1781ms)
 GET /admin/access-control 200 in 1837ms (next.js: 7ms, application-code: 1830ms)
 GET /admin/access-control 200 in 1810ms (next.js: 6ms, application-code: 1804ms)
 GET /admin/access-control 200 in 1934ms (next.js: 33ms, application-code: 1901ms)
 GET /admin/access-control 200 in 1832ms (next.js: 6ms, application-code: 1826ms)
 GET /admin/access-control 200 in 1849ms (next.js: 5ms, application-code: 1844ms)
 GET /admin/access-control 200 in 1816ms (next.js: 5ms, application-code: 1811ms)
 GET /admin/access-control 200 in 1799ms (next.js: 7ms, application-code: 1792ms)
 GET /admin/access-control 200 in 1824ms (next.js: 5ms, application-code: 1818ms)
 GET /admin/access-control 200 in 1814ms (next.js: 7ms, application-code: 1807ms)
 GET /admin/access-control 200 in 1819ms (next.js: 5ms, application-code: 1813ms)
 GET /admin/access-control 200 in 1815ms (next.js: 5ms, application-code: 1810ms)
 GET /admin/access-control 200 in 1820ms (next.js: 5ms, application-code: 1815ms)
 GET /admin/access-control 200 in 1808ms (next.js: 6ms, application-code: 1803ms)
 GET /admin/access-control 200 in 1811ms (next.js: 6ms, application-code: 1805ms)
 GET /admin/access-control 200 in 1791ms (next.js: 5ms, application-code: 1786ms)
 GET /admin/access-control 200 in 1821ms (next.js: 5ms, application-code: 1816ms)
 GET /admin/access-control 200 in 1841ms (next.js: 6ms, application-code: 1835ms)
 GET /admin/access-control 200 in 1800ms (next.js: 5ms, application-code: 1794ms)
 GET /admin/access-control 200 in 1853ms (next.js: 5ms, application-code: 1847ms)
 GET /admin/access-control 200 in 1841ms (next.js: 7ms, application-code: 1834ms)
 GET /admin/access-control 200 in 1815ms (next.js: 6ms, application-code: 1809ms)
 GET /admin/access-control 200 in 1844ms (next.js: 30ms, application-code: 1814ms)
 GET /admin/access-control 200 in 1827ms (next.js: 6ms, application-code: 1821ms)
 GET /admin/access-control 200 in 1799ms (next.js: 8ms, application-code: 1791ms)
 GET /admin/access-control 200 in 1986ms (next.js: 6ms, application-code: 1980ms)
 GET /admin/access-control 200 in 1875ms (next.js: 5ms, application-code: 1870ms)
 GET /admin/access-control 200 in 1808ms (next.js: 5ms, application-code: 1803ms)
 GET /admin/access-control 200 in 1931ms (next.js: 7ms, application-code: 1923ms)
 GET /admin/access-control 200 in 1868ms (next.js: 47ms, application-code: 1822ms)
 GET /admin/access-control 200 in 1873ms (next.js: 7ms, application-code: 1866ms)
 GET /admin/access-control 200 in 1930ms (next.js: 15ms, application-code: 1915ms)
 GET /admin/access-control 200 in 1921ms (next.js: 6ms, application-code: 1915ms)
 GET /admin/access-control 200 in 1972ms (next.js: 6ms, application-code: 1967ms)
 GET /admin/access-control 200 in 1917ms (next.js: 6ms, application-code: 1911ms)
 GET /admin/access-control 200 in 1937ms (next.js: 9ms, application-code: 1927ms)
 GET /admin/access-control 200 in 1943ms (next.js: 5ms, application-code: 1938ms)
 GET /admin/access-control 200 in 2.4s (next.js: 5ms, application-code: 2.3s)
 GET /admin/access-control 200 in 2.3s (next.js: 6ms, application-code: 2.3s)
 GET /admin/access-control 200 in 2.6s (next.js: 6ms, application-code: 2.6s)
 GET /admin/access-control 200 in 2.3s (next.js: 6ms, application-code: 2.3s)
 GET /admin/access-control 200 in 2.2s (next.js: 5ms, application-code: 2.2s)
 GET /admin/access-control 200 in 2.4s (next.js: 6ms, application-code: 2.4s)
 GET /admin/access-control 200 in 1828ms (next.js: 6ms, application-code: 1822ms)
 GET /admin/access-control 200 in 1906ms (next.js: 34ms, application-code: 1872ms)
 GET /admin/access-control 200 in 1818ms (next.js: 6ms, application-code: 1812ms)
 GET /admin/access-control 200 in 1950ms (next.js: 6ms, application-code: 1944ms)
 GET /admin/access-control 200 in 1997ms (next.js: 36ms, application-code: 1961ms)
 GET /admin/access-control 200 in 1921ms (next.js: 5ms, application-code: 1916ms)
 GET /admin/access-control 200 in 1938ms (next.js: 6ms, application-code: 1933ms)
 GET /admin/access-control 200 in 1948ms (next.js: 5ms, application-code: 1944ms)
 GET /admin/access-control 200 in 1858ms (next.js: 5ms, application-code: 1853ms)
 GET /admin/access-control 200 in 1907ms (next.js: 6ms, application-code: 1902ms)
 GET /admin/access-control 200 in 1863ms (next.js: 6ms, application-code: 1857ms)
 GET /admin/access-control 200 in 1899ms (next.js: 6ms, application-code: 1893ms)
 GET /admin/access-control 200 in 1915ms (next.js: 9ms, application-code: 1906ms)
 GET /admin/access-control 200 in 1798ms (next.js: 6ms, application-code: 1792ms)
 GET /admin/access-control 200 in 1945ms (next.js: 5ms, application-code: 1940ms)
 GET /admin/access-control 200 in 1893ms (next.js: 6ms, application-code: 1887ms)
 GET /admin/access-control 200 in 1913ms (next.js: 5ms, application-code: 1907ms)
 GET /admin/access-control 200 in 1899ms (next.js: 5ms, application-code: 1894ms)
 GET /admin/access-control 200 in 1896ms (next.js: 6ms, application-code: 1889ms)
 GET /admin/access-control 200 in 1901ms (next.js: 6ms, application-code: 1895ms)
 GET /admin/access-control 200 in 2.1s (next.js: 32ms, application-code: 2.0s)
 GET /admin/access-control 200 in 1854ms (next.js: 6ms, application-code: 1848ms)
 GET /admin/access-control 200 in 1905ms (next.js: 5ms, application-code: 1900ms)
 GET /admin/access-control 200 in 1995ms (next.js: 6ms, application-code: 1989ms)
 GET /admin/access-control 200 in 1830ms (next.js: 7ms, application-code: 1823ms)
 GET /admin/access-control 200 in 1886ms (next.js: 6ms, application-code: 1880ms)
 GET /admin/access-control 200 in 1861ms (next.js: 5ms, application-code: 1855ms)
 GET /admin/access-control 200 in 1960ms (next.js: 7ms, application-code: 1953ms)
 GET /admin/access-control 200 in 1867ms (next.js: 7ms, application-code: 1860ms)
 GET /admin/access-control 200 in 1859ms (next.js: 5ms, application-code: 1854ms)
 GET /admin/access-control 200 in 1823ms (next.js: 6ms, application-code: 1817ms)
 GET /admin/access-control 200 in 1822ms (next.js: 6ms, application-code: 1817ms)
 GET /admin/access-control 200 in 1862ms (next.js: 5ms, application-code: 1857ms)
 GET /admin/access-control 200 in 1848ms (next.js: 17ms, application-code: 1831ms)
 GET /admin/access-control 200 in 1847ms (next.js: 5ms, application-code: 1842ms)
 GET /admin/access-control 200 in 1857ms (next.js: 5ms, application-code: 1852ms)
 GET /admin/access-control 200 in 1842ms (next.js: 6ms, application-code: 1836ms)
 GET /admin/access-control 200 in 1839ms (next.js: 6ms, application-code: 1833ms)
 GET /admin/access-control 200 in 1765ms (next.js: 5ms, application-code: 1760ms)
 GET /admin/access-control 200 in 1902ms (next.js: 7ms, application-code: 1896ms)
 GET /admin/access-control 200 in 1866ms (next.js: 6ms, application-code: 1860ms)
 GET /admin/access-control 200 in 1921ms (next.js: 5ms, application-code: 1916ms)
 GET /admin/access-control 200 in 1921ms (next.js: 6ms, application-code: 1915ms)
 GET /admin/access-control 200 in 1886ms (next.js: 6ms, application-code: 1879ms)
 GET /admin/access-control 200 in 1940ms (next.js: 5ms, application-code: 1935ms)
 GET /admin/access-control 200 in 1814ms (next.js: 7ms, application-code: 1808ms)
 GET /admin/access-control 200 in 1818ms (next.js: 5ms, application-code: 1813ms)
 GET /admin/access-control 200 in 1863ms (next.js: 36ms, application-code: 1827ms)
 GET /admin/access-control 200 in 1768ms (next.js: 7ms, application-code: 1761ms)
 GET /admin/access-control 200 in 1800ms (next.js: 5ms, application-code: 1794ms)
 GET /admin/access-control 200 in 1824ms (next.js: 5ms, application-code: 1820ms)
 GET /admin/access-control 200 in 2.2s (next.js: 5ms, application-code: 2.2s)
 GET /admin/access-control 200 in 2.1s (next.js: 13ms, application-code: 2.1s)
 GET /admin/access-control 200 in 2.1s (next.js: 6ms, application-code: 2.0s)
 GET /admin/access-control 200 in 2.0s (next.js: 5ms, application-code: 2.0s)
 GET /admin/access-control 200 in 1993ms (next.js: 5ms, application-code: 1988ms)
 GET /admin/access-control 200 in 2.0s (next.js: 6ms, application-code: 2.0s)
 GET /admin/access-control 200 in 1755ms (next.js: 6ms, application-code: 1749ms)
 GET /admin/access-control 200 in 1828ms (next.js: 5ms, application-code: 1823ms)
 GET /admin/access-control 200 in 1803ms (next.js: 7ms, application-code: 1796ms)
 GET /admin/access-control 200 in 1834ms (next.js: 6ms, application-code: 1828ms)
 GET /admin/access-control 200 in 1858ms (next.js: 5ms, application-code: 1853ms)
 GET /admin/access-control 200 in 1751ms (next.js: 7ms, application-code: 1745ms)
 GET /admin/access-control 200 in 1834ms (next.js: 6ms, application-code: 1828ms)
 GET /admin/access-control 200 in 1842ms (next.js: 5ms, application-code: 1837ms)
 GET /admin/access-control 200 in 1857ms (next.js: 4ms, application-code: 1852ms)
 GET /admin/access-control 200 in 1826ms (next.js: 6ms, application-code: 1819ms)
 GET /admin/access-control 200 in 1725ms (next.js: 6ms, application-code: 1719ms)
 GET /admin/access-control 200 in 1838ms (next.js: 5ms, application-code: 1833ms)
 GET /admin/access-control 200 in 1832ms (next.js: 6ms, application-code: 1826ms)
 GET /admin/access-control 200 in 1777ms (next.js: 5ms, application-code: 1772ms)
 GET /admin/access-control 200 in 1820ms (next.js: 6ms, application-code: 1814ms)
 GET /admin/access-control 200 in 1904ms (next.js: 7ms, application-code: 1896ms)
 GET /admin/access-control 200 in 1921ms (next.js: 5ms, application-code: 1916ms)
 GET /admin/access-control 200 in 1960ms (next.js: 5ms, application-code: 1954ms)
 GET /admin/access-control 200 in 1987ms (next.js: 5ms, application-code: 1982ms)
 GET /admin/access-control 200 in 2.1s (next.js: 8ms, application-code: 2.1s)
 GET /admin/access-control 200 in 2.0s (next.js: 5ms, application-code: 2.0s)
 GET /admin/access-control 200 in 1992ms (next.js: 6ms, application-code: 1986ms)
 GET /admin/access-control 200 in 1978ms (next.js: 7ms, application-code: 1971ms)
 GET /admin/access-control 200 in 1981ms (next.js: 8ms, application-code: 1973ms)
 GET /admin/access-control 200 in 1938ms (next.js: 5ms, application-code: 1933ms)
 GET /admin/access-control 200 in 1898ms (next.js: 6ms, application-code: 1893ms)
 GET /admin/access-control 200 in 1899ms (next.js: 33ms, application-code: 1867ms)
 GET /admin/access-control 200 in 1862ms (next.js: 5ms, application-code: 1857ms)
 GET /admin/access-control 200 in 1925ms (next.js: 6ms, application-code: 1919ms)
 GET /admin/access-control 200 in 1817ms (next.js: 6ms, application-code: 1811ms)
 GET /admin/access-control 200 in 2.2s (next.js: 10ms, application-code: 2.2s)
 GET /admin/access-control 200 in 2.3s (next.js: 5ms, application-code: 2.3s)
 GET /admin/access-control 200 in 2.4s (next.js: 34ms, application-code: 2.3s)
 GET /admin/access-control 200 in 2.3s (next.js: 7ms, application-code: 2.3s)
 GET /admin/access-control 200 in 2.2s (next.js: 8ms, application-code: 2.2s)
 GET /admin/access-control 200 in 2.2s (next.js: 7ms, application-code: 2.2s)
 GET /admin/access-control 200 in 1875ms (next.js: 8ms, application-code: 1867ms)
 GET /admin/access-control 200 in 1838ms (next.js: 7ms, application-code: 1832ms)
 GET /admin/access-control 200 in 1838ms (next.js: 5ms, application-code: 1834ms)
 GET /admin/access-control 200 in 1856ms (next.js: 6ms, application-code: 1849ms)
 GET /admin/access-control 200 in 1902ms (next.js: 38ms, application-code: 1865ms)
 GET /admin/access-control 200 in 1864ms (next.js: 5ms, application-code: 1859ms)
 GET /admin/access-control 200 in 1902ms (next.js: 5ms, application-code: 1897ms)
 GET /admin/access-control 200 in 1929ms (next.js: 7ms, application-code: 1922ms)
 GET /admin/access-control 200 in 1859ms (next.js: 6ms, application-code: 1853ms)
 GET /admin/access-control 200 in 1937ms (next.js: 11ms, application-code: 1926ms)
 GET /admin/access-control 200 in 1901ms (next.js: 5ms, application-code: 1896ms)
 GET /admin/access-control 200 in 1858ms (next.js: 5ms, application-code: 1853ms)
 GET /admin/access-control 200 in 1782ms (next.js: 6ms, application-code: 1776ms)
 GET /admin/access-control 200 in 2.1s (next.js: 9ms, application-code: 2.1s)
 GET /admin/access-control 200 in 2.0s (next.js: 41ms, application-code: 1976ms)
 GET /admin/access-control 200 in 1837ms (next.js: 6ms, application-code: 1832ms)
 GET /admin/access-control 200 in 2.3s (next.js: 9ms, application-code: 2.3s)
 GET /admin/access-control 200 in 2.3s (next.js: 34ms, application-code: 2.3s)
 GET /admin/access-control 200 in 2.3s (next.js: 8ms, application-code: 2.3s)
 GET /admin/access-control 200 in 2.1s (next.js: 8ms, application-code: 2.1s)
 GET /admin/access-control 200 in 2.1s (next.js: 6ms, application-code: 2.1s)
 GET /admin/access-control 200 in 2.2s (next.js: 7ms, application-code: 2.2s)
 GET /admin/access-control 200 in 1880ms (next.js: 5ms, application-code: 1875ms)
 GET /admin/access-control 200 in 1882ms (next.js: 33ms, application-code: 1849ms)
 GET /admin/access-control 200 in 1806ms (next.js: 5ms, application-code: 1801ms)
 GET /admin/access-control 200 in 1847ms (next.js: 5ms, application-code: 1842ms)
 GET /admin/access-control 200 in 1841ms (next.js: 6ms, application-code: 1836ms)
 GET /admin/access-control 200 in 1858ms (next.js: 5ms, application-code: 1853ms)
 GET /admin/access-control 200 in 1820ms (next.js: 5ms, application-code: 1814ms)
 GET /admin/access-control 200 in 1841ms (next.js: 5ms, application-code: 1836ms)
 GET /admin/access-control 200 in 1821ms (next.js: 6ms, application-code: 1815ms)
 GET /admin/access-control 200 in 1887ms (next.js: 6ms, application-code: 1880ms)
 GET /admin/access-control 200 in 1844ms (next.js: 6ms, application-code: 1838ms)
 GET /admin/access-control 200 in 1868ms (next.js: 6ms, application-code: 1861ms)
 GET /admin/access-control 200 in 1729ms (next.js: 5ms, application-code: 1724ms)
 GET /admin/access-control 200 in 1852ms (next.js: 5ms, application-code: 1847ms)
 GET /admin/access-control 200 in 1868ms (next.js: 6ms, application-code: 1861ms)
 GET /admin/access-control 200 in 1782ms (next.js: 5ms, application-code: 1777ms)
 GET /admin/access-control 200 in 1782ms (next.js: 6ms, application-code: 1776ms)
 GET /admin/access-control 200 in 1809ms (next.js: 5ms, application-code: 1804ms)
 GET /admin/access-control 200 in 1856ms (next.js: 5ms, application-code: 1851ms)
 GET /admin/access-control 200 in 1801ms (next.js: 6ms, application-code: 1795ms)
 GET /admin/access-control 200 in 1723ms (next.js: 7ms, application-code: 1717ms)
 GET /admin/access-control 200 in 1850ms (next.js: 6ms, application-code: 1844ms)
 GET /admin/access-control 200 in 1788ms (next.js: 6ms, application-code: 1782ms)
 GET /admin/access-control 200 in 1773ms (next.js: 6ms, application-code: 1766ms)
 GET /admin/access-control 200 in 1772ms (next.js: 7ms, application-code: 1765ms)
 GET /admin/access-control 200 in 1816ms (next.js: 5ms, application-code: 1812ms)
 GET /admin/access-control 200 in 1735ms (next.js: 8ms, application-code: 1727ms)
 GET /admin/access-control 200 in 1777ms (next.js: 6ms, application-code: 1771ms)
 GET /admin/access-control 200 in 1873ms (next.js: 5ms, application-code: 1868ms)
 GET /admin/access-control 200 in 1787ms (next.js: 5ms, application-code: 1783ms)
 GET /admin/access-control 200 in 1825ms (next.js: 5ms, application-code: 1820ms)
 GET /admin/access-control 200 in 1743ms (next.js: 6ms, application-code: 1738ms)
 GET /admin/access-control 200 in 1774ms (next.js: 5ms, application-code: 1770ms)
 GET /admin/access-control 200 in 1655ms (next.js: 5ms, application-code: 1650ms)
 GET /admin/access-control 200 in 1878ms (next.js: 5ms, application-code: 1872ms)
 GET /admin/access-control 200 in 1792ms (next.js: 6ms, application-code: 1786ms)
 GET /admin/access-control 200 in 1828ms (next.js: 7ms, application-code: 1821ms)
 GET /admin/access-control 200 in 1803ms (next.js: 5ms, application-code: 1798ms)
 GET /admin/access-control 200 in 1808ms (next.js: 6ms, application-code: 1803ms)
 GET /admin/access-control 200 in 1756ms (next.js: 5ms, application-code: 1750ms)
 GET /admin/access-control 200 in 1836ms (next.js: 5ms, application-code: 1831ms)
 GET /admin/access-control 200 in 1778ms (next.js: 6ms, application-code: 1772ms)
 GET /admin/access-control 200 in 1749ms (next.js: 6ms, application-code: 1743ms)
 GET /admin/access-control 200 in 1835ms (next.js: 6ms, application-code: 1829ms)
 GET /admin/access-control 200 in 1765ms (next.js: 8ms, application-code: 1758ms)
 GET /admin/access-control 200 in 1840ms (next.js: 7ms, application-code: 1834ms)
 GET /admin/access-control 200 in 1784ms (next.js: 6ms, application-code: 1778ms)
 GET /admin/access-control 200 in 1835ms (next.js: 7ms, application-code: 1828ms)
 GET /admin/access-control 200 in 1751ms (next.js: 7ms, application-code: 1745ms)
 GET /admin/access-control 200 in 1776ms (next.js: 7ms, application-code: 1769ms)
 GET /admin/access-control 200 in 1839ms (next.js: 6ms, application-code: 1833ms)
 GET /admin/access-control 200 in 1783ms (next.js: 6ms, application-code: 1778ms)
 GET /admin/access-control 200 in 1825ms (next.js: 7ms, application-code: 1818ms)
 GET /admin/access-control 200 in 1832ms (next.js: 6ms, application-code: 1826ms)
 GET /admin/access-control 200 in 1872ms (next.js: 6ms, application-code: 1867ms)
 GET /admin/access-control 200 in 1842ms (next.js: 6ms, application-code: 1836ms)
 GET /admin/access-control 200 in 1840ms (next.js: 10ms, application-code: 1829ms)
 GET /admin/access-control 200 in 1832ms (next.js: 6ms, application-code: 1826ms)
 GET /admin/access-control 200 in 1849ms (next.js: 6ms, application-code: 1843ms)
 GET /admin/access-control 200 in 1802ms (next.js: 6ms, application-code: 1797ms)
 GET /admin/access-control 200 in 1846ms (next.js: 8ms, application-code: 1838ms)
 GET /admin/access-control 200 in 1843ms (next.js: 6ms, application-code: 1837ms)
 GET /admin/access-control 200 in 1767ms (next.js: 5ms, application-code: 1762ms)
 GET /admin/access-control 200 in 1833ms (next.js: 5ms, application-code: 1827ms)
 GET /admin/access-control 200 in 1744ms (next.js: 6ms, application-code: 1738ms)
 GET /admin/access-control 200 in 1883ms (next.js: 5ms, application-code: 1878ms)
 GET /admin/access-control 200 in 1834ms (next.js: 5ms, application-code: 1829ms)
 GET /admin/access-control 200 in 1695ms (next.js: 6ms, application-code: 1689ms)
 GET /admin/access-control 200 in 1851ms (next.js: 5ms, application-code: 1846ms)
 GET /admin/access-control 200 in 1852ms (next.js: 7ms, application-code: 1845ms)
 GET /admin/access-control 200 in 1866ms (next.js: 7ms, application-code: 1859ms)
 GET /admin/access-control 200 in 2.1s (next.js: 6ms, application-code: 2.1s)
 GET /admin/access-control 200 in 2.0s (next.js: 7ms, application-code: 2.0s)
 GET /admin/access-control 200 in 1998ms (next.js: 8ms, application-code: 1990ms)
 GET /admin/access-control 200 in 2.1s (next.js: 7ms, application-code: 2.1s)
 GET /admin/access-control 200 in 2.1s (next.js: 5ms, application-code: 2.1s)
 GET /admin/access-control 200 in 2.1s (next.js: 6ms, application-code: 2.1s)
 GET /admin/access-control 200 in 1908ms (next.js: 7ms, application-code: 1901ms)
 GET /admin/access-control 200 in 1881ms (next.js: 8ms, application-code: 1873ms)
 GET /admin/access-control 200 in 1841ms (next.js: 7ms, application-code: 1834ms)
 GET /admin/access-control 200 in 1906ms (next.js: 7ms, application-code: 1899ms)
 GET /admin/access-control 200 in 1804ms (next.js: 5ms, application-code: 1799ms)
 GET /admin/access-control 200 in 1773ms (next.js: 5ms, application-code: 1768ms)
 GET /admin/access-control 200 in 1824ms (next.js: 7ms, application-code: 1817ms)
 GET /admin/access-control 200 in 1871ms (next.js: 6ms, application-code: 1865ms)
 GET /admin/access-control 200 in 1969ms (next.js: 37ms, application-code: 1932ms)
 GET /admin/access-control 200 in 1914ms (next.js: 12ms, application-code: 1903ms)
 GET /admin/access-control 200 in 1915ms (next.js: 6ms, application-code: 1909ms)
 GET /admin/access-control 200 in 1783ms (next.js: 6ms, application-code: 1777ms)
 GET /admin/access-control 200 in 1784ms (next.js: 12ms, application-code: 1773ms)
 GET /admin/access-control 200 in 1773ms (next.js: 6ms, application-code: 1767ms)
 GET /admin/access-control 200 in 1824ms (next.js: 7ms, application-code: 1817ms)
 GET /admin/access-control 200 in 1735ms (next.js: 8ms, application-code: 1727ms)
✓ Compiled in 87ms
 GET / 200 in 3.5s (next.js: 291ms, application-code: 3.2s)
 GET /admin/access-control 200 in 3.1s (next.js: 131ms, application-code: 3.0s)
 GET /admin/access-control 200 in 2.8s (next.js: 9ms, application-code: 2.8s)
 GET /admin/access-control 200 in 2.8s (next.js: 44ms, application-code: 2.8s)
 GET / 200 in 3.2s (next.js: 223ms, application-code: 3.0s)
 GET /admin/access-control 200 in 3.7s (next.js: 185ms, application-code: 3.6s)
 GET /admin/access-control 200 in 2.9s (next.js: 6ms, application-code: 2.9s)
 GET /admin/access-control 200 in 3.0s (next.js: 5ms, application-code: 3.0s)
 GET / 200 in 3.1s (next.js: 5ms, application-code: 3.1s)
 GET / 200 in 3.2s (next.js: 31ms, application-code: 3.2s)
 GET / 200 in 3.3s (next.js: 45ms, application-code: 3.2s)
 GET / 200 in 3.2s (next.js: 5ms, application-code: 3.2s)
 GET / 200 in 35ms (next.js: 16ms, application-code: 18ms)
 GET / 200 in 1289ms (next.js: 10ms, application-code: 1278ms)
 GET / 200 in 2.1s (next.js: 15ms, application-code: 2.1s)
 GET /admin/access-control 200 in 3.3s (next.js: 126ms, application-code: 3.1s)
 GET / 200 in 3.5s (next.js: 210ms, application-code: 3.2s)
 GET /admin/access-control 200 in 3.2s (next.js: 8ms, application-code: 3.1s)
 GET /admin/access-control 200 in 3.3s (next.js: 9ms, application-code: 3.3s)
 GET / 200 in 3.3s (next.js: 16ms, application-code: 3.3s)
 GET / 200 in 3.2s (next.js: 11ms, application-code: 3.2s)
 GET /admin/access-control 200 in 2.9s (next.js: 106ms, application-code: 2.8s)
 GET /admin/access-control 200 in 2.8s (next.js: 6ms, application-code: 2.8s)
 GET /admin/access-control 200 in 2.8s (next.js: 35ms, application-code: 2.7s)
 GET / 200 in 2.9s (next.js: 29ms, application-code: 2.9s)
 GET / 200 in 2.9s (next.js: 7ms, application-code: 2.9s)
 GET / 200 in 3.0s (next.js: 50ms, application-code: 2.9s)
✓ Compiled in 118ms
 GET /admin/access-control 200 in 3.8s (next.js: 311ms, application-code: 3.5s)
 GET /admin/access-control 200 in 3.3s (next.js: 9ms, application-code: 3.3s)
 GET / 200 in 3.6s (next.js: 14ms, application-code: 3.6s)
 GET / 200 in 4.0s (next.js: 119ms, application-code: 3.9s)
 GET / 200 in 4.0s (next.js: 12ms, application-code: 4.0s)
 GET / 200 in 4.1s (next.js: 121ms, application-code: 3.9s)
 GET / 200 in 4.0s (next.js: 100ms, application-code: 3.9s)
 GET / 200 in 4.2s (next.js: 156ms, application-code: 4.0s)
 GET / 200 in 4.0s (next.js: 7ms, application-code: 4.0s)
 GET / 200 in 4.1s (next.js: 49ms, application-code: 4.0s)
 GET / 200 in 3.7s (next.js: 20ms, application-code: 3.6s)
 GET / 200 in 3.7s (next.js: 7ms, application-code: 3.7s)
 GET /admin/access-control 200 in 2.0s (next.js: 58ms, application-code: 1988ms)
 GET /admin/access-control 200 in 2.1s (next.js: 6ms, application-code: 2.1s)
 GET /admin/access-control 200 in 2.0s (next.js: 7ms, application-code: 2.0s)
 GET /admin/access-control 200 in 2.0s (next.js: 6ms, application-code: 1996ms)
 GET /admin/access-control 200 in 1936ms (next.js: 5ms, application-code: 1931ms)
 GET /admin/access-control 200 in 2.1s (next.js: 7ms, application-code: 2.1s)
 GET /admin/access-control 200 in 2.5s (next.js: 7ms, application-code: 2.5s)
 GET /admin/access-control 200 in 2.4s (next.js: 5ms, application-code: 2.4s)
 GET /admin/access-control 200 in 2.5s (next.js: 34ms, application-code: 2.5s)
 GET /admin/access-control 200 in 2.4s (next.js: 5ms, application-code: 2.4s)
 GET / 200 in 2.7s (next.js: 7ms, application-code: 2.7s)
 GET / 200 in 2.9s (next.js: 6ms, application-code: 2.9s)
 GET /admin/access-control 200 in 3.1s (next.js: 5ms, application-code: 3.1s)
 GET /admin/access-control 200 in 3.1s (next.js: 4ms, application-code: 3.1s)
 GET /admin/access-control 200 in 3.1s (next.js: 5ms, application-code: 3.1s)
 GET / 200 in 3.2s (next.js: 33ms, application-code: 3.2s)
 GET / 200 in 3.2s (next.js: 6ms, application-code: 3.2s)
 GET / 200 in 3.1s (next.js: 6ms, application-code: 3.1s)
✓ Compiled in 107ms
 GET /admin/access-control 200 in 4.3s (next.js: 659ms, application-code: 3.6s)
 GET /admin/access-control 200 in 3.3s (next.js: 193ms, application-code: 3.1s)
 GET / 200 in 4.4s (next.js: 284ms, application-code: 4.1s)
 GET / 200 in 3.5s (next.js: 103ms, application-code: 3.4s)
 GET / 200 in 3.8s (next.js: 49ms, application-code: 3.7s)
 GET / 200 in 3.8s (next.js: 6ms, application-code: 3.8s)
 GET / 200 in 3.9s (next.js: 8ms, application-code: 3.9s)
 GET / 200 in 4.1s (next.js: 11ms, application-code: 4.1s)
 GET / 200 in 4.0s (next.js: 9ms, application-code: 4.0s)
 GET / 200 in 4.1s (next.js: 8ms, application-code: 4.1s)
 GET / 200 in 3.8s (next.js: 7ms, application-code: 3.8s)
 GET / 200 in 3.8s (next.js: 10ms, application-code: 3.8s)
 GET / 200 in 4.0s (next.js: 8ms, application-code: 4.0s)
 GET / 200 in 4.0s (next.js: 16ms, application-code: 4.0s)
 GET / 200 in 3.8s (next.js: 7ms, application-code: 3.8s)
 GET / 200 in 4.1s (next.js: 7ms, application-code: 4.1s)
 GET / 200 in 4.0s (next.js: 8ms, application-code: 4.0s)
 GET / 200 in 3.9s (next.js: 10ms, application-code: 3.9s)
 GET / 200 in 4.0s (next.js: 9ms, application-code: 4.0s)
 GET / 200 in 3.8s (next.js: 8ms, application-code: 3.8s)
 GET / 200 in 4.1s (next.js: 8ms, application-code: 4.1s)
 GET / 200 in 4.1s (next.js: 8ms, application-code: 4.1s)
 GET / 200 in 4.0s (next.js: 8ms, application-code: 4.0s)
 GET / 200 in 4.0s (next.js: 48ms, application-code: 3.9s)
 GET / 200 in 3.9s (next.js: 10ms, application-code: 3.9s)
 GET / 200 in 3.9s (next.js: 7ms, application-code: 3.9s)
 GET / 200 in 3.8s (next.js: 44ms, application-code: 3.8s)
 GET / 200 in 3.9s (next.js: 6ms, application-code: 3.9s)
 GET / 200 in 4.0s (next.js: 7ms, application-code: 4.0s)
 GET / 200 in 3.9s (next.js: 5ms, application-code: 3.9s)
 GET / 200 in 4.0s (next.js: 8ms, application-code: 4.0s)
 GET / 200 in 4.0s (next.js: 10ms, application-code: 4.0s)
 GET / 200 in 4.0s (next.js: 6ms, application-code: 4.0s)
 GET / 200 in 4.0s (next.js: 8ms, application-code: 4.0s)
 GET / 200 in 4.0s (next.js: 9ms, application-code: 4.0s)
 GET / 200 in 4.0s (next.js: 48ms, application-code: 4.0s)
 GET /admin/access-control 200 in 2.6s (next.js: 6ms, application-code: 2.6s)
 GET /admin/access-control 200 in 2.5s (next.js: 6ms, application-code: 2.5s)
 GET / 200 in 2.9s (next.js: 7ms, application-code: 2.9s)
 GET /admin/access-control 200 in 2.4s (next.js: 8ms, application-code: 2.4s)
 GET / 200 in 2.8s (next.js: 6ms, application-code: 2.8s)
 GET /admin/access-control 200 in 2.5s (next.js: 5ms, application-code: 2.5s)
 GET /admin/access-control 200 in 2.0s (next.js: 7ms, application-code: 2.0s)
 GET /admin/access-control 200 in 2.0s (next.js: 5ms, application-code: 2.0s)
 GET /admin/access-control 200 in 2.1s (next.js: 5ms, application-code: 2.1s)
 GET /admin/access-control 200 in 2.0s (next.js: 6ms, application-code: 2.0s)
 GET /admin/access-control 200 in 2.0s (next.js: 5ms, application-code: 2.0s)
 GET /admin/access-control 200 in 2.0s (next.js: 5ms, application-code: 2.0s)
 GET /admin/access-control 200 in 2.1s (next.js: 5ms, application-code: 2.0s)
 GET /admin/access-control 200 in 2.1s (next.js: 5ms, application-code: 2.1s)
 GET /admin/access-control 200 in 2.1s (next.js: 5ms, application-code: 2.1s)
 GET /admin/access-control 200 in 2.1s (next.js: 7ms, application-code: 2.1s)
 GET /admin/access-control 200 in 2.0s (next.js: 5ms, application-code: 2.0s)
 GET /admin/access-control 200 in 2.1s (next.js: 32ms, application-code: 2.1s)
 GET /admin/access-control 200 in 1919ms (next.js: 8ms, application-code: 1911ms)
 GET /admin/access-control 200 in 1978ms (next.js: 12ms, application-code: 1966ms)
 GET /admin/access-control 200 in 1940ms (next.js: 5ms, application-code: 1935ms)
 GET /admin/access-control 200 in 1981ms (next.js: 5ms, application-code: 1976ms)
 GET /admin/access-control 200 in 1988ms (next.js: 9ms, application-code: 1980ms)
 GET /admin/access-control 200 in 1994ms (next.js: 5ms, application-code: 1989ms)
 GET /admin/access-control 200 in 1971ms (next.js: 8ms, application-code: 1964ms)
 GET /admin/access-control 200 in 1971ms (next.js: 5ms, application-code: 1966ms)
 GET /admin/access-control 200 in 1944ms (next.js: 10ms, application-code: 1934ms)
 GET /admin/access-control 200 in 1975ms (next.js: 5ms, application-code: 1970ms)
 GET /admin/access-control 200 in 2.0s (next.js: 6ms, application-code: 1996ms)
 GET /admin/access-control 200 in 2000ms (next.js: 5ms, application-code: 1995ms)
 GET /admin/access-control 200 in 1985ms (next.js: 5ms, application-code: 1979ms)
 GET /admin/access-control 200 in 1975ms (next.js: 6ms, application-code: 1969ms)
 GET /admin/access-control 200 in 1941ms (next.js: 9ms, application-code: 1932ms)
 GET /admin/access-control 200 in 1937ms (next.js: 5ms, application-code: 1932ms)
 GET /admin/access-control 200 in 1892ms (next.js: 7ms, application-code: 1885ms)
 GET /admin/access-control 200 in 1960ms (next.js: 5ms, application-code: 1954ms)
 GET /admin/access-control 200 in 2.2s (next.js: 114ms, application-code: 2.1s)
 GET / 200 in 2.8s (next.js: 312ms, application-code: 2.5s)
 GET /admin/access-control 200 in 2.5s (next.js: 56ms, application-code: 2.4s)
 GET /admin/access-control 200 in 2.4s (next.js: 113ms, application-code: 2.3s)
 GET / 200 in 2.8s (next.js: 102ms, application-code: 2.7s)
 GET / 200 in 2.7s (next.js: 189ms, application-code: 2.5s)
✓ Compiled in 268ms
 GET /admin/access-control 200 in 4.0s (next.js: 630ms, application-code: 3.3s)
 GET /admin/access-control 200 in 2.9s (next.js: 94ms, application-code: 2.8s)
 GET /admin/access-control 200 in 4.6s (next.js: 11ms, application-code: 4.5s)
 GET / 200 in 5.9s (next.js: 272ms, application-code: 5.6s)
 GET / 200 in 5.4s (next.js: 332ms, application-code: 5.1s)
 GET / 200 in 318ms (next.js: 11ms, application-code: 307ms)
 GET / 200 in 2.2s (next.js: 348ms, application-code: 1872ms)
 GET / 200 in 2.2s (next.js: 209ms, application-code: 2.0s)
 GET / 200 in 886ms (next.js: 10ms, application-code: 875ms)
 GET / 200 in 284ms (next.js: 101ms, application-code: 183ms)
 GET / 200 in 285ms (next.js: 201ms, application-code: 84ms)
 GET / 200 in 294ms (next.js: 19ms, application-code: 275ms)
 GET / 200 in 5.9s (next.js: 63ms, application-code: 5.8s)
✓ Compiled in 375ms
✓ Compiled in 137ms
✓ Compiled in 130ms
✓ Compiled in 153ms
 GET /admin/access-control 200 in 3.3s (next.js: 10ms, application-code: 3.2s)
 GET /admin/access-control 200 in 3.8s (next.js: 387ms, application-code: 3.4s)
 GET / 200 in 4.0s (next.js: 166ms, application-code: 3.8s)
 GET / 200 in 3.5s (next.js: 10ms, application-code: 3.5s)
 GET / 200 in 3.6s (next.js: 68ms, application-code: 3.5s)
 GET / 200 in 3.6s (next.js: 12ms, application-code: 3.6s)
 GET /admin/access-control 200 in 2.6s (next.js: 116ms, application-code: 2.5s)
 GET /admin/access-control 200 in 2.5s (next.js: 5ms, application-code: 2.5s)
 GET /admin/access-control 200 in 2.4s (next.js: 5ms, application-code: 2.4s)
 GET /admin/access-control 200 in 2.6s (next.js: 6ms, application-code: 2.6s)
 GET / 200 in 3.1s (next.js: 130ms, application-code: 3.0s)
 GET / 200 in 2.9s (next.js: 33ms, application-code: 2.9s)
 GET / 200 in 3.9s (next.js: 8ms, application-code: 3.9s)
 GET / 200 in 4.1s (next.js: 9ms, application-code: 4.1s)
 GET / 200 in 4.0s (next.js: 6ms, application-code: 4.0s)
 GET / 200 in 3.8s (next.js: 8ms, application-code: 3.8s)
 GET / 200 in 4.0s (next.js: 7ms, application-code: 4.0s)
 GET / 200 in 3.9s (next.js: 12ms, application-code: 3.9s)
 GET /admin/access-control 200 in 2.6s (next.js: 5ms, application-code: 2.6s)
 GET /admin/access-control 200 in 2.5s (next.js: 7ms, application-code: 2.5s)
 GET / 200 in 2.9s (next.js: 8ms, application-code: 2.9s)
 GET / 200 in 2.8s (next.js: 8ms, application-code: 2.8s)
 GET /admin/access-control 200 in 2.3s (next.js: 6ms, application-code: 2.3s)
 GET /admin/access-control 200 in 2.3s (next.js: 36ms, application-code: 2.3s)
 GET /admin/access-control 200 in 1744ms (next.js: 5ms, application-code: 1738ms)
 GET /admin/access-control 200 in 1734ms (next.js: 5ms, application-code: 1728ms)
 GET /admin/access-control 200 in 1720ms (next.js: 6ms, application-code: 1714ms)
 GET /admin/access-control 200 in 1663ms (next.js: 6ms, application-code: 1657ms)
 GET /admin/access-control 200 in 2.7s (next.js: 198ms, application-code: 2.5s)
 GET / 200 in 2.9s (next.js: 103ms, application-code: 2.8s)
 GET /admin/access-control 200 in 2.6s (next.js: 63ms, application-code: 2.6s)
 GET / 200 in 2.8s (next.js: 13ms, application-code: 2.8s)
 GET /admin/access-control 200 in 2.7s (next.js: 225ms, application-code: 2.4s)
 GET / 200 in 2.8s (next.js: 109ms, application-code: 2.7s)
 GET /admin/access-control 200 in 2.5s (next.js: 8ms, application-code: 2.5s)
 GET / 200 in 2.7s (next.js: 7ms, application-code: 2.7s)
✓ Compiled in 92ms
✓ Compiled in 83ms
✓ Compiled in 104ms
 GET /admin/access-control 200 in 3.6s (next.js: 306ms, application-code: 3.3s)
 GET /admin/access-control 200 in 3.2s (next.js: 48ms, application-code: 3.2s)
 GET / 200 in 3.8s (next.js: 104ms, application-code: 3.7s)
 GET / 200 in 3.8s (next.js: 8ms, application-code: 3.8s)
 GET / 200 in 3.7s (next.js: 7ms, application-code: 3.7s)
 GET / 200 in 3.7s (next.js: 57ms, application-code: 3.7s)
 GET / 200 in 4.0s (next.js: 124ms, application-code: 3.9s)
 GET / 200 in 4.0s (next.js: 21ms, application-code: 4.0s)
 GET / 200 in 4.1s (next.js: 8ms, application-code: 4.1s)
 GET / 200 in 3.9s (next.js: 9ms, application-code: 3.9s)
 GET / 200 in 4.0s (next.js: 96ms, application-code: 3.9s)
 GET / 200 in 4.1s (next.js: 57ms, application-code: 4.0s)
✓ Compiled in 86ms
 GET /admin/access-control 200 in 2.4s (next.js: 32ms, application-code: 2.3s)
 GET /admin/access-control 200 in 2.3s (next.js: 6ms, application-code: 2.3s)
 GET / 200 in 2.9s (next.js: 7ms, application-code: 2.9s)
 GET /admin/access-control 200 in 2.4s (next.js: 6ms, application-code: 2.4s)
 GET /admin/access-control 200 in 2.4s (next.js: 5ms, application-code: 2.4s)
 GET /admin/access-control 200 in 2.3s (next.js: 5ms, application-code: 2.3s)
 GET /admin/access-control 200 in 2.6s (next.js: 203ms, application-code: 2.4s)
 GET /admin/access-control 200 in 2.6s (next.js: 149ms, application-code: 2.5s)
 GET /admin/access-control 200 in 2.5s (next.js: 6ms, application-code: 2.5s)
 GET /admin/access-control 200 in 2.5s (next.js: 7ms, application-code: 2.5s)
 GET /admin/access-control 200 in 2.5s (next.js: 49ms, application-code: 2.5s)
 GET / 200 in 2.8s (next.js: 204ms, application-code: 2.6s)
 GET /admin/access-control 200 in 2.2s (next.js: 7ms, application-code: 2.2s)
 GET /admin/access-control 200 in 2.2s (next.js: 9ms, application-code: 2.2s)
 GET /admin/access-control 200 in 2.2s (next.js: 8ms, application-code: 2.2s)
 GET /admin/access-control 200 in 2.2s (next.js: 44ms, application-code: 2.2s)
 GET / 200 in 2.5s (next.js: 36ms, application-code: 2.5s)
 GET /admin/access-control 200 in 2.1s (next.js: 7ms, application-code: 2.1s)
 GET /admin/access-control 200 in 3.0s (next.js: 6ms, application-code: 3.0s)
 GET /admin/access-control 200 in 3.0s (next.js: 11ms, application-code: 3.0s)
 GET / 200 in 3.6s (next.js: 6ms, application-code: 3.6s)
 GET / 200 in 3.6s (next.js: 44ms, application-code: 3.6s)
 GET / 200 in 3.8s (next.js: 7ms, application-code: 3.8s)
 GET / 200 in 4.0s (next.js: 6ms, application-code: 4.0s)
 GET / 200 in 2.6s (next.js: 36ms, application-code: 2.6s)
 GET / 200 in 2.6s (next.js: 8ms, application-code: 2.6s)
 GET /admin/access-control 200 in 3.2s (next.js: 12ms, application-code: 3.2s)
 GET /admin/access-control 200 in 3.4s (next.js: 82ms, application-code: 3.4s)
 GET / 200 in 3.5s (next.js: 10ms, application-code: 3.5s)
 GET / 200 in 3.9s (next.js: 12ms, application-code: 3.9s)
 GET / 200 in 3.8s (next.js: 10ms, application-code: 3.8s)
 GET / 200 in 3.9s (next.js: 11ms, application-code: 3.9s)
 GET /admin/access-control 200 in 2.6s (next.js: 5ms, application-code: 2.6s)
 GET / 200 in 2.8s (next.js: 7ms, application-code: 2.8s)
 GET / 200 in 2.8s (next.js: 6ms, application-code: 2.8s)
 GET /admin/access-control 200 in 2.3s (next.js: 10ms, application-code: 2.3s)
 GET /admin/access-control 200 in 2.3s (next.js: 11ms, application-code: 2.3s)
 GET /admin/access-control 200 in 2.2s (next.js: 10ms, application-code: 2.1s)
✓ Compiled in 263ms
✓ Compiled in 0ms
 GET /admin/access-control 200 in 3.3s (next.js: 477ms, application-code: 2.8s)
 GET /admin/access-control 200 in 1841ms (next.js: 353ms, application-code: 1488ms)
 GET / 200 in 3.3s (next.js: 239ms, application-code: 3.1s)
 GET /admin/access-control 500 in 1859ms (next.js: 278ms, application-code: 1581ms)
 GET / 200 in 1860ms (next.js: 312ms, application-code: 1548ms)
 GET / 200 in 1863ms (next.js: 180ms, application-code: 1683ms)
 GET / 200 in 187ms (next.js: 98ms, application-code: 89ms)
 GET / 200 in 189ms (next.js: 57ms, application-code: 132ms)
 GET / 200 in 527ms (next.js: 8ms, application-code: 519ms)
✓ Compiled in 2.5s
 GET /admin/access-control 200 in 2.2s (next.js: 193ms, application-code: 2.0s)
 GET / 200 in 3.3s (next.js: 135ms, application-code: 3.1s)
 GET / 200 in 2.6s (next.js: 8ms, application-code: 2.6s)
 GET / 200 in 1983ms (next.js: 52ms, application-code: 1931ms)
 GET / 200 in 1985ms (next.js: 89ms, application-code: 1897ms)
 GET / 200 in 1986ms (next.js: 11ms, application-code: 1975ms)
 GET / 200 in 2.4s (next.js: 7ms, application-code: 2.3s)
 GET / 200 in 2.3s (next.js: 8ms, application-code: 2.3s)
 GET / 200 in 1944ms (next.js: 11ms, application-code: 1933ms)
 GET / 200 in 2.1s (next.js: 76ms, application-code: 1990ms)
 GET / 200 in 2.1s (next.js: 114ms, application-code: 2.0s)
 GET / 200 in 2.1s (next.js: 150ms, application-code: 1982ms)
 GET / 200 in 918ms (next.js: 7ms, application-code: 911ms)
 GET / 200 in 788ms (next.js: 17ms, application-code: 771ms)
 GET /admin/access-control 200 in 1518ms (next.js: 5ms, application-code: 1513ms)
 GET /admin/access-control 200 in 1294ms (next.js: 7ms, application-code: 1287ms)
 GET /admin/access-control 200 in 1267ms (next.js: 6ms, application-code: 1261ms)
 GET /admin/access-control 200 in 1268ms (next.js: 33ms, application-code: 1235ms)
 GET /admin/access-control 200 in 1268ms (next.js: 60ms, application-code: 1208ms)
 GET /admin/access-control 200 in 1269ms (next.js: 86ms, application-code: 1183ms)
 GET /admin/access-control 200 in 1527ms (next.js: 5ms, application-code: 1521ms)
 GET /admin/access-control 200 in 1281ms (next.js: 8ms, application-code: 1273ms)
 GET /admin/access-control 200 in 1040ms (next.js: 34ms, application-code: 1006ms)
 GET /admin/access-control 200 in 1041ms (next.js: 7ms, application-code: 1034ms)
 GET /admin/access-control 200 in 1040ms (next.js: 63ms, application-code: 977ms)
 GET /admin/access-control 200 in 1041ms (next.js: 88ms, application-code: 952ms)
 GET / 200 in 677ms (next.js: 9ms, application-code: 668ms)
 GET / 200 in 359ms (next.js: 6ms, application-code: 353ms)
 GET / 200 in 368ms (next.js: 6ms, application-code: 363ms)
 GET / 200 in 436ms (next.js: 8ms, application-code: 428ms)
 GET / 500 in 548ms (next.js: 7ms, application-code: 541ms)
 GET /admin/access-control 200 in 1941ms (next.js: 454ms, application-code: 1486ms)
 GET /admin/access-control 200 in 828ms (next.js: 62ms, application-code: 766ms)
 GET / 200 in 2.7s (next.js: 215ms, application-code: 2.5s)
 GET / 200 in 2.5s (next.js: 34ms, application-code: 2.4s)
 GET / 200 in 2.3s (next.js: 7ms, application-code: 2.3s)
 GET / 200 in 2.3s (next.js: 242ms, application-code: 2.0s)
 GET / 200 in 2.0s (next.js: 156ms, application-code: 1861ms)
 GET / 200 in 2.1s (next.js: 295ms, application-code: 1797ms)
 GET / 200 in 1038ms (next.js: 17ms, application-code: 1021ms)
 GET / 200 in 1430ms (next.js: 7ms, application-code: 1423ms)
 GET /admin/access-control 200 in 1653ms (next.js: 7ms, application-code: 1645ms)
 GET /admin/access-control 200 in 1380ms (next.js: 10ms, application-code: 1370ms)
 GET /admin/access-control 200 in 1381ms (next.js: 40ms, application-code: 1340ms)
 GET /admin/access-control 200 in 885ms (next.js: 6ms, application-code: 878ms)
 GET /admin/access-control 200 in 861ms (next.js: 120ms, application-code: 741ms)
 GET /admin/access-control 200 in 390ms (next.js: 8ms, application-code: 382ms)
 GET / 200 in 426ms (next.js: 6ms, application-code: 419ms)
✓ Compiled in 107ms
 GET /admin/access-control 200 in 1879ms (next.js: 428ms, application-code: 1451ms)
 GET /admin/access-control 200 in 668ms (next.js: 62ms, application-code: 606ms)
 GET / 200 in 2.3s (next.js: 174ms, application-code: 2.1s)
 GET / 200 in 2.2s (next.js: 65ms, application-code: 2.2s)
 GET / 200 in 2.3s (next.js: 86ms, application-code: 2.2s)
 GET / 200 in 2.3s (next.js: 7ms, application-code: 2.3s)
 GET / 200 in 2.3s (next.js: 44ms, application-code: 2.3s)
 GET / 200 in 1629ms (next.js: 286ms, application-code: 1344ms)
 GET / 200 in 1142ms (next.js: 322ms, application-code: 820ms)
 GET / 200 in 1597ms (next.js: 16ms, application-code: 1581ms)
 GET /admin/access-control 200 in 1830ms (next.js: 8ms, application-code: 1822ms)
 GET /admin/access-control 200 in 1830ms (next.js: 33ms, application-code: 1798ms)
 GET /admin/access-control 200 in 1831ms (next.js: 65ms, application-code: 1766ms)
 GET /admin/access-control 200 in 1276ms (next.js: 243ms, application-code: 1033ms)
 GET /admin/access-control 200 in 1042ms (next.js: 60ms, application-code: 982ms)
 GET /admin/access-control 200 in 292ms (next.js: 6ms, application-code: 286ms)
 GET / 200 in 519ms (next.js: 7ms, application-code: 512ms)
✓ Compiled in 199ms
✓ Compiled in 0ms
 GET /admin/access-control 200 in 3.5s (next.js: 884ms, application-code: 2.6s)
 GET / 200 in 3.5s (next.js: 227ms, application-code: 3.3s)
 GET / 200 in 1764ms (next.js: 225ms, application-code: 1539ms)
 GET /admin/access-control 200 in 1755ms (next.js: 482ms, application-code: 1273ms)
 GET / 200 in 525ms (next.js: 163ms, application-code: 362ms)
 GET /admin/access-control 200 in 1861ms (next.js: 448ms, application-code: 1413ms)
 GET /admin/access-control 200 in 1864ms (next.js: 508ms, application-code: 1356ms)
 GET /admin/access-control 200 in 1865ms (next.js: 534ms, application-code: 1331ms)
 GET /admin/access-control 200 in 1866ms (next.js: 583ms, application-code: 1283ms)
 GET /admin/access-control 200 in 1868ms (next.js: 559ms, application-code: 1309ms)
 GET / 200 in 4.2s (next.js: 542ms, application-code: 3.7s)
 GET /admin/access-control 200 in 1749ms (next.js: 193ms, application-code: 1556ms)
 GET /admin/access-control 200 in 1750ms (next.js: 130ms, application-code: 1621ms)
 GET /admin/access-control 200 in 1751ms (next.js: 82ms, application-code: 1670ms)
 GET /admin/access-control 200 in 1754ms (next.js: 10ms, application-code: 1744ms)
 GET /admin/access-control 200 in 1753ms (next.js: 43ms, application-code: 1710ms)
 GET /admin/access-control 200 in 817ms (next.js: 466ms, application-code: 351ms)
 GET /admin/access-control 200 in 1468ms (next.js: 31ms, application-code: 1437ms)
 GET /admin/access-control 200 in 1470ms (next.js: 6ms, application-code: 1464ms)
 GET /admin/access-control 200 in 1469ms (next.js: 58ms, application-code: 1411ms)
 GET /admin/access-control 200 in 1470ms (next.js: 95ms, application-code: 1375ms)
 GET /admin/access-control 200 in 1381ms (next.js: 688ms, application-code: 694ms)
 GET /admin/access-control 200 in 409ms (next.js: 116ms, application-code: 293ms)
 GET /admin/access-control 200 in 1647ms (next.js: 7ms, application-code: 1640ms)
 GET /admin/access-control 200 in 1648ms (next.js: 32ms, application-code: 1616ms)
 GET /admin/access-control 200 in 1649ms (next.js: 64ms, application-code: 1585ms)
 GET /admin/access-control 200 in 1650ms (next.js: 88ms, application-code: 1562ms)
 GET /admin/access-control 200 in 1593ms (next.js: 504ms, application-code: 1089ms)
 GET /admin/access-control 200 in 426ms (next.js: 6ms, application-code: 420ms)
 GET /admin/access-control 200 in 1706ms (next.js: 9ms, application-code: 1697ms)
 GET /admin/access-control 200 in 1704ms (next.js: 131ms, application-code: 1573ms)
 GET /admin/access-control 200 in 1706ms (next.js: 43ms, application-code: 1663ms)
 GET /admin/access-control 200 in 1706ms (next.js: 90ms, application-code: 1616ms)
 GET /admin/access-control 200 in 1584ms (next.js: 665ms, application-code: 918ms)
 GET /admin/access-control 200 in 794ms (next.js: 5ms, application-code: 789ms)
 GET /admin/access-control 200 in 1500ms (next.js: 31ms, application-code: 1469ms)
 GET /admin/access-control 200 in 1502ms (next.js: 6ms, application-code: 1496ms)
 GET /admin/access-control 200 in 1502ms (next.js: 61ms, application-code: 1441ms)
 GET /admin/access-control 200 in 1449ms (next.js: 475ms, application-code: 973ms)
 GET /admin/access-control 200 in 980ms (next.js: 265ms, application-code: 716ms)
 GET /admin/access-control 200 in 1054ms (next.js: 7ms, application-code: 1047ms)
 GET /admin/access-control 200 in 1503ms (next.js: 7ms, application-code: 1496ms)
 GET /admin/access-control 200 in 1503ms (next.js: 33ms, application-code: 1470ms)
 GET /admin/access-control 200 in 1445ms (next.js: 450ms, application-code: 995ms)
 GET /admin/access-control 200 in 974ms (next.js: 132ms, application-code: 842ms)
 GET /admin/access-control 200 in 848ms (next.js: 151ms, application-code: 698ms)
 GET /admin/access-control 200 in 1055ms (next.js: 5ms, application-code: 1050ms)
 GET /admin/access-control 200 in 1520ms (next.js: 6ms, application-code: 1514ms)
 GET /admin/access-control 200 in 1520ms (next.js: 30ms, application-code: 1491ms)
 GET /admin/access-control 200 in 1467ms (next.js: 435ms, application-code: 1032ms)
 GET /admin/access-control 200 in 1039ms (next.js: 39ms, application-code: 1001ms)
 GET /admin/access-control 200 in 1061ms (next.js: 299ms, application-code: 762ms)
 GET /admin/access-control 200 in 993ms (next.js: 5ms, application-code: 988ms)
 GET /admin/access-control 200 in 1440ms (next.js: 32ms, application-code: 1408ms)
 GET /admin/access-control 200 in 1441ms (next.js: 7ms, application-code: 1434ms)
 GET /admin/access-control 200 in 1167ms (next.js: 208ms, application-code: 958ms)
 GET /admin/access-control 200 in 990ms (next.js: 34ms, application-code: 955ms)
 GET /admin/access-control 200 in 1101ms (next.js: 250ms, application-code: 851ms)
 GET /admin/access-control 200 in 1004ms (next.js: 5ms, application-code: 999ms)
 GET /admin/access-control 200 in 1498ms (next.js: 6ms, application-code: 1492ms)
 GET /admin/access-control 200 in 1499ms (next.js: 35ms, application-code: 1464ms)
 GET /admin/access-control 200 in 1117ms (next.js: 101ms, application-code: 1017ms)
 GET /admin/access-control 200 in 1056ms (next.js: 48ms, application-code: 1008ms)
 GET /admin/access-control 200 in 1218ms (next.js: 256ms, application-code: 962ms)
 GET /admin/access-control 200 in 1486ms (next.js: 5ms, application-code: 1481ms)
 GET /admin/access-control 200 in 1452ms (next.js: 7ms, application-code: 1445ms)
 GET /admin/access-control 200 in 1422ms (next.js: 211ms, application-code: 1212ms)
 GET /admin/access-control 200 in 1204ms (next.js: 210ms, application-code: 994ms)
 GET /admin/access-control 200 in 1000ms (next.js: 35ms, application-code: 964ms)
 GET /admin/access-control 200 in 1197ms (next.js: 242ms, application-code: 955ms)
 GET /admin/access-control 200 in 1474ms (next.js: 5ms, application-code: 1469ms)
 GET /admin/access-control 200 in 1383ms (next.js: 6ms, application-code: 1377ms)
 GET /admin/access-control 200 in 1235ms (next.js: 8ms, application-code: 1227ms)
 GET /admin/access-control 200 in 1236ms (next.js: 34ms, application-code: 1202ms)
 GET /admin/access-control 200 in 1237ms (next.js: 247ms, application-code: 990ms)
 GET /admin/access-control 200 in 977ms (next.js: 215ms, application-code: 762ms)
 GET /admin/access-control 200 in 1457ms (next.js: 5ms, application-code: 1452ms)
 GET /admin/access-control 200 in 1467ms (next.js: 6ms, application-code: 1461ms)
 GET /admin/access-control 200 in 1440ms (next.js: 210ms, application-code: 1230ms)
 GET /admin/access-control 200 in 1206ms (next.js: 228ms, application-code: 978ms)
 GET /admin/access-control 200 in 1016ms (next.js: 35ms, application-code: 981ms)
 GET /admin/access-control 200 in 1209ms (next.js: 226ms, application-code: 982ms)
 GET /admin/access-control 200 in 1470ms (next.js: 5ms, application-code: 1465ms)
 GET /admin/access-control 200 in 1449ms (next.js: 7ms, application-code: 1442ms)
 GET /admin/access-control 200 in 1448ms (next.js: 35ms, application-code: 1413ms)
 GET /admin/access-control 200 in 1183ms (next.js: 220ms, application-code: 963ms)
 GET /admin/access-control 200 in 941ms (next.js: 207ms, application-code: 733ms)
 GET /admin/access-control 200 in 1065ms (next.js: 209ms, application-code: 856ms)
 GET /admin/access-control 200 in 1459ms (next.js: 6ms, application-code: 1453ms)
 GET /admin/access-control 200 in 1472ms (next.js: 7ms, application-code: 1465ms)
 GET /admin/access-control 200 in 1472ms (next.js: 34ms, application-code: 1438ms)
 GET /admin/access-control 200 in 1103ms (next.js: 117ms, application-code: 987ms)
 GET /admin/access-control 200 in 992ms (next.js: 36ms, application-code: 956ms)
 GET /admin/access-control 200 in 1197ms (next.js: 213ms, application-code: 983ms)
 GET /admin/access-control 200 in 1471ms (next.js: 5ms, application-code: 1466ms)
 GET /admin/access-control 200 in 1463ms (next.js: 7ms, application-code: 1456ms)
 GET /admin/access-control 200 in 1463ms (next.js: 32ms, application-code: 1431ms)
 GET /admin/access-control 200 in 983ms (next.js: 6ms, application-code: 977ms)
 GET /admin/access-control 200 in 1034ms (next.js: 33ms, application-code: 1001ms)
 GET /admin/access-control 200 in 1199ms (next.js: 228ms, application-code: 971ms)
 GET /admin/access-control 200 in 1467ms (next.js: 5ms, application-code: 1462ms)
 GET /admin/access-control 200 in 1452ms (next.js: 6ms, application-code: 1447ms)
 GET /admin/access-control 200 in 1453ms (next.js: 31ms, application-code: 1422ms)
 GET /admin/access-control 200 in 1027ms (next.js: 33ms, application-code: 993ms)
 GET /admin/access-control 200 in 1028ms (next.js: 6ms, application-code: 1022ms)
 GET /admin/access-control 200 in 1196ms (next.js: 225ms, application-code: 970ms)
 GET /admin/access-control 200 in 1467ms (next.js: 6ms, application-code: 1461ms)
 GET /admin/access-control 200 in 1259ms (next.js: 34ms, application-code: 1225ms)
 GET /admin/access-control 200 in 1370ms (next.js: 5ms, application-code: 1365ms)
 GET /admin/access-control 200 in 1257ms (next.js: 6ms, application-code: 1252ms)
 GET /admin/access-control 200 in 1258ms (next.js: 33ms, application-code: 1225ms)
 GET /admin/access-control 200 in 1422ms (next.js: 337ms, application-code: 1085ms)
 GET /admin/access-control 200 in 1453ms (next.js: 5ms, application-code: 1448ms)
 GET /admin/access-control 200 in 1206ms (next.js: 29ms, application-code: 1177ms)
 GET /admin/access-control 200 in 1237ms (next.js: 6ms, application-code: 1231ms)
 GET /admin/access-control 200 in 1116ms (next.js: 31ms, application-code: 1085ms)
 GET /admin/access-control 200 in 1258ms (next.js: 6ms, application-code: 1252ms)
 GET /admin/access-control 200 in 988ms (next.js: 6ms, application-code: 982ms)
 GET /admin/access-control 200 in 1488ms (next.js: 6ms, application-code: 1481ms)
 GET /admin/access-control 200 in 1234ms (next.js: 5ms, application-code: 1228ms)
 GET /admin/access-control 200 in 1447ms (next.js: 119ms, application-code: 1328ms)
 GET /admin/access-control 200 in 1233ms (next.js: 31ms, application-code: 1202ms)
 GET /admin/access-control 200 in 1235ms (next.js: 7ms, application-code: 1228ms)
 GET /admin/access-control 200 in 1623ms (next.js: 5ms, application-code: 1617ms)
 GET /admin/access-control 200 in 1647ms (next.js: 7ms, application-code: 1640ms)
 GET /admin/access-control 200 in 1408ms (next.js: 5ms, application-code: 1403ms)
 GET /admin/access-control 200 in 1162ms (next.js: 8ms, application-code: 1154ms)
 GET /admin/access-control 200 in 1034ms (next.js: 165ms, application-code: 869ms)
 GET /admin/access-control 200 in 1036ms (next.js: 135ms, application-code: 901ms)
 GET /admin/access-control 200 in 1633ms (next.js: 6ms, application-code: 1627ms)
 GET /admin/access-control 200 in 1637ms (next.js: 10ms, application-code: 1627ms)
 GET /admin/access-control 200 in 1638ms (next.js: 68ms, application-code: 1569ms)
 GET /admin/access-control 200 in 1644ms (next.js: 45ms, application-code: 1599ms)
 GET /admin/access-control 200 in 1192ms (next.js: 370ms, application-code: 822ms)
 GET /admin/access-control 200 in 932ms (next.js: 39ms, application-code: 893ms)
 GET /admin/access-control 200 in 1670ms (next.js: 6ms, application-code: 1664ms)
 GET /admin/access-control 200 in 1698ms (next.js: 50ms, application-code: 1649ms)
 GET /admin/access-control 200 in 1696ms (next.js: 76ms, application-code: 1620ms)
 GET /admin/access-control 200 in 1701ms (next.js: 14ms, application-code: 1687ms)
 GET /admin/access-control 200 in 1239ms (next.js: 388ms, application-code: 851ms)
 GET /admin/access-control 200 in 1122ms (next.js: 239ms, application-code: 883ms)
 GET /admin/access-control 200 in 1732ms (next.js: 6ms, application-code: 1726ms)
 GET /admin/access-control 200 in 1721ms (next.js: 7ms, application-code: 1713ms)
 GET /admin/access-control 200 in 1721ms (next.js: 44ms, application-code: 1677ms)
 GET /admin/access-control 200 in 1684ms (next.js: 269ms, application-code: 1415ms)
 GET /admin/access-control 200 in 1423ms (next.js: 308ms, application-code: 1114ms)
 GET /admin/access-control 200 in 896ms (next.js: 7ms, application-code: 888ms)
 GET /admin/access-control 200 in 1728ms (next.js: 6ms, application-code: 1722ms)
 GET /admin/access-control 200 in 1742ms (next.js: 8ms, application-code: 1734ms)
 GET /admin/access-control 200 in 1743ms (next.js: 44ms, application-code: 1699ms)
 GET /admin/access-control 200 in 1709ms (next.js: 273ms, application-code: 1435ms)
 GET /admin/access-control 200 in 1712ms (next.js: 326ms, application-code: 1387ms)
 GET /admin/access-control 200 in 619ms (next.js: 7ms, application-code: 612ms)
 GET /admin/access-control 200 in 1757ms (next.js: 6ms, application-code: 1750ms)
 GET /admin/access-control 200 in 1690ms (next.js: 11ms, application-code: 1678ms)
 GET /admin/access-control 200 in 1687ms (next.js: 46ms, application-code: 1640ms)
 GET /admin/access-control 200 in 1689ms (next.js: 178ms, application-code: 1511ms)
 GET /admin/access-control 200 in 1697ms (next.js: 99ms, application-code: 1598ms)
 GET /admin/access-control 200 in 1471ms (next.js: 772ms, application-code: 699ms)
 GET /admin/access-control 200 in 1467ms (next.js: 6ms, application-code: 1461ms)
 GET /admin/access-control 200 in 1490ms (next.js: 6ms, application-code: 1484ms)
 GET /admin/access-control 200 in 1491ms (next.js: 32ms, application-code: 1459ms)
 GET /admin/access-control 200 in 1497ms (next.js: 58ms, application-code: 1438ms)
 GET /admin/access-control 200 in 1432ms (next.js: 638ms, application-code: 794ms)
 GET /admin/access-control 200 in 1265ms (next.js: 37ms, application-code: 1228ms)
 GET /admin/access-control 200 in 1935ms (next.js: 5ms, application-code: 1930ms)
 GET /admin/access-control 200 in 1873ms (next.js: 47ms, application-code: 1826ms)
 GET /admin/access-control 200 in 1855ms (next.js: 469ms, application-code: 1386ms)
 GET /admin/access-control 200 in 1861ms (next.js: 450ms, application-code: 1411ms)
 GET /admin/access-control 200 in 1154ms (next.js: 430ms, application-code: 724ms)
 GET /admin/access-control 200 in 596ms (next.js: 112ms, application-code: 484ms)
 GET /admin/access-control 200 in 1506ms (next.js: 5ms, application-code: 1500ms)
 GET /admin/access-control 200 in 1498ms (next.js: 7ms, application-code: 1491ms)
 GET /admin/access-control 200 in 1499ms (next.js: 32ms, application-code: 1467ms)
 GET /admin/access-control 200 in 1499ms (next.js: 61ms, application-code: 1438ms)
 GET /admin/access-control 200 in 1499ms (next.js: 85ms, application-code: 1414ms)
 GET /admin/access-control 200 in 488ms (next.js: 8ms, application-code: 480ms)
 GET /admin/access-control 200 in 1441ms (next.js: 4ms, application-code: 1436ms)
 GET /admin/access-control 200 in 1426ms (next.js: 31ms, application-code: 1395ms)
 GET /admin/access-control 200 in 1427ms (next.js: 6ms, application-code: 1420ms)
 GET /admin/access-control 200 in 1370ms (next.js: 422ms, application-code: 948ms)
 GET /admin/access-control 200 in 1370ms (next.js: 448ms, application-code: 922ms)
 GET /admin/access-control 200 in 788ms (next.js: 313ms, application-code: 475ms)
 GET /admin/access-control 200 in 1455ms (next.js: 5ms, application-code: 1450ms)
 GET /admin/access-control 200 in 1221ms (next.js: 30ms, application-code: 1191ms)
 GET /admin/access-control 200 in 1223ms (next.js: 6ms, application-code: 1216ms)
 GET /admin/access-control 200 in 1173ms (next.js: 229ms, application-code: 945ms)
 GET /admin/access-control 200 in 1202ms (next.js: 261ms, application-code: 941ms)
 GET /admin/access-control 200 in 912ms (next.js: 440ms, application-code: 473ms)
 GET /admin/access-control 200 in 1432ms (next.js: 8ms, application-code: 1424ms)
 GET /admin/access-control 200 in 1202ms (next.js: 8ms, application-code: 1194ms)
 GET /admin/access-control 200 in 1202ms (next.js: 32ms, application-code: 1170ms)
 GET /admin/access-control 200 in 1203ms (next.js: 59ms, application-code: 1143ms)
 GET /admin/access-control 200 in 1177ms (next.js: 445ms, application-code: 732ms)
 GET /admin/access-control 200 in 1114ms (next.js: 209ms, application-code: 905ms)
 GET /admin/access-control 200 in 1576ms (next.js: 8ms, application-code: 1569ms)
 GET /admin/access-control 200 in 1545ms (next.js: 220ms, application-code: 1325ms)
 GET /admin/access-control 200 in 1331ms (next.js: 47ms, application-code: 1285ms)
 GET /admin/access-control 200 in 1265ms (next.js: 344ms, application-code: 921ms)
 GET /admin/access-control 200 in 928ms (next.js: 161ms, application-code: 767ms)
 GET /admin/access-control 200 in 1058ms (next.js: 7ms, application-code: 1051ms)
 GET /admin/access-control 200 in 1558ms (next.js: 8ms, application-code: 1550ms)
 GET /admin/access-control 200 in 1557ms (next.js: 39ms, application-code: 1518ms)
 GET /admin/access-control 200 in 1525ms (next.js: 278ms, application-code: 1247ms)
 GET /admin/access-control 200 in 1004ms (next.js: 241ms, application-code: 763ms)
 GET /admin/access-control 200 in 1035ms (next.js: 270ms, application-code: 765ms)
 GET /admin/access-control 200 in 787ms (next.js: 5ms, application-code: 782ms)
 GET /admin/access-control 200 in 1468ms (next.js: 7ms, application-code: 1461ms)
 GET /admin/access-control 200 in 1438ms (next.js: 218ms, application-code: 1220ms)
 GET /admin/access-control 200 in 1227ms (next.js: 38ms, application-code: 1188ms)
 GET /admin/access-control 200 in 1195ms (next.js: 259ms, application-code: 936ms)
 GET /admin/access-control 200 in 942ms (next.js: 237ms, application-code: 705ms)
 GET /admin/access-control 200 in 899ms (next.js: 5ms, application-code: 893ms)
 GET /admin/access-control 200 in 1436ms (next.js: 6ms, application-code: 1430ms)
 GET /admin/access-control 200 in 1201ms (next.js: 50ms, application-code: 1151ms)
 GET /admin/access-control 200 in 1411ms (next.js: 213ms, application-code: 1198ms)
 GET /admin/access-control 200 in 1204ms (next.js: 73ms, application-code: 1130ms)
 GET /admin/access-control 200 in 2.1s (next.js: 347ms, application-code: 1733ms)
 GET /admin/access-control 200 in 1185ms (next.js: 5ms, application-code: 1180ms)
 GET /admin/access-control 200 in 1451ms (next.js: 6ms, application-code: 1445ms)
 GET /admin/access-control 200 in 1454ms (next.js: 33ms, application-code: 1420ms)
 GET /admin/access-control 200 in 1426ms (next.js: 243ms, application-code: 1183ms)
 GET /admin/access-control 200 in 1427ms (next.js: 268ms, application-code: 1158ms)
 GET /admin/access-control 200 in 1092ms (next.js: 5ms, application-code: 1086ms)
 GET /admin/access-control 200 in 1276ms (next.js: 5ms, application-code: 1271ms)
 GET /admin/access-control 200 in 1494ms (next.js: 7ms, application-code: 1487ms)
 GET /admin/access-control 200 in 1463ms (next.js: 243ms, application-code: 1221ms)
 GET /admin/access-control 200 in 1227ms (next.js: 59ms, application-code: 1167ms)
 GET /admin/access-control 200 in 1228ms (next.js: 34ms, application-code: 1194ms)
 GET /admin/access-control 200 in 1427ms (next.js: 6ms, application-code: 1421ms)
 GET /admin/access-control 200 in 1197ms (next.js: 7ms, application-code: 1191ms)
 GET /admin/access-control 200 in 1419ms (next.js: 7ms, application-code: 1413ms)
 GET /admin/access-control 200 in 1392ms (next.js: 207ms, application-code: 1185ms)
 GET /admin/access-control 200 in 1191ms (next.js: 42ms, application-code: 1149ms)
 GET /admin/access-control 200 in 1192ms (next.js: 66ms, application-code: 1126ms)
 GET /admin/access-control 200 in 1117ms (next.js: 6ms, application-code: 1112ms)
 GET /admin/access-control 200 in 1197ms (next.js: 6ms, application-code: 1191ms)
 GET /admin/access-control 200 in 1506ms (next.js: 6ms, application-code: 1500ms)
 GET /admin/access-control 200 in 1476ms (next.js: 217ms, application-code: 1259ms)
 GET /admin/access-control 200 in 1265ms (next.js: 33ms, application-code: 1232ms)
 GET /admin/access-control 200 in 1265ms (next.js: 58ms, application-code: 1207ms)
 GET /admin/access-control 200 in 1526ms (next.js: 6ms, application-code: 1520ms)
 GET /admin/access-control 200 in 1510ms (next.js: 253ms, application-code: 1257ms)
 GET /admin/access-control 200 in 1486ms (next.js: 6ms, application-code: 1480ms)
 GET /admin/access-control 200 in 1486ms (next.js: 37ms, application-code: 1449ms)
 GET /admin/access-control 200 in 1456ms (next.js: 275ms, application-code: 1181ms)
 GET /admin/access-control 200 in 1457ms (next.js: 298ms, application-code: 1158ms)
 GET /admin/access-control 200 in 1461ms (next.js: 5ms, application-code: 1456ms)
 GET /admin/access-control 200 in 1431ms (next.js: 104ms, application-code: 1327ms)
 GET /admin/access-control 200 in 1491ms (next.js: 6ms, application-code: 1485ms)
 GET /admin/access-control 200 in 1491ms (next.js: 34ms, application-code: 1457ms)
 GET /admin/access-control 200 in 1492ms (next.js: 58ms, application-code: 1434ms)
 GET /admin/access-control 200 in 1416ms (next.js: 426ms, application-code: 991ms)
 GET /admin/access-control 200 in 1492ms (next.js: 5ms, application-code: 1486ms)
 GET /admin/access-control 200 in 1465ms (next.js: 231ms, application-code: 1234ms)
 GET /admin/access-control 200 in 1472ms (next.js: 7ms, application-code: 1465ms)
 GET /admin/access-control 200 in 1473ms (next.js: 34ms, application-code: 1439ms)
 GET /admin/access-control 200 in 1473ms (next.js: 62ms, application-code: 1410ms)
 GET /admin/access-control 200 in 968ms (next.js: 209ms, application-code: 759ms)
 GET /admin/access-control 200 in 1486ms (next.js: 5ms, application-code: 1480ms)
 GET /admin/access-control 200 in 1458ms (next.js: 123ms, application-code: 1335ms)
 GET /admin/access-control 200 in 1465ms (next.js: 7ms, application-code: 1458ms)
 GET /admin/access-control 200 in 1465ms (next.js: 37ms, application-code: 1427ms)
 GET /admin/access-control 200 in 1184ms (next.js: 236ms, application-code: 948ms)
 GET /admin/access-control 200 in 1435ms (next.js: 255ms, application-code: 1180ms)
 GET /admin/access-control 200 in 1446ms (next.js: 5ms, application-code: 1441ms)
 GET /admin/access-control 200 in 1423ms (next.js: 115ms, application-code: 1308ms)
 GET /admin/access-control 200 in 1430ms (next.js: 6ms, application-code: 1424ms)
 GET /admin/access-control 200 in 1430ms (next.js: 33ms, application-code: 1397ms)
 GET /admin/access-control 200 in 1403ms (next.js: 241ms, application-code: 1162ms)
 GET /admin/access-control 200 in 1168ms (next.js: 250ms, application-code: 918ms)
 GET /admin/access-control 200 in 1224ms (next.js: 5ms, application-code: 1220ms)
 GET /admin/access-control 200 in 1400ms (next.js: 100ms, application-code: 1300ms)
 GET /admin/access-control 200 in 1443ms (next.js: 6ms, application-code: 1437ms)
 GET /admin/access-control 200 in 1443ms (next.js: 33ms, application-code: 1410ms)
 GET /admin/access-control 200 in 1416ms (next.js: 234ms, application-code: 1182ms)
 GET /admin/access-control 200 in 973ms (next.js: 223ms, application-code: 750ms)
 GET /admin/access-control 200 in 1481ms (next.js: 6ms, application-code: 1476ms)
 GET /admin/access-control 200 in 1245ms (next.js: 6ms, application-code: 1239ms)
 GET /admin/access-control 200 in 1484ms (next.js: 5ms, application-code: 1479ms)
 GET /admin/access-control 200 in 1457ms (next.js: 231ms, application-code: 1226ms)
 GET /admin/access-control 200 in 1234ms (next.js: 33ms, application-code: 1200ms)
 GET /admin/access-control 200 in 988ms (next.js: 224ms, application-code: 765ms)
 GET /admin/access-control 200 in 1476ms (next.js: 6ms, application-code: 1470ms)
 GET /admin/access-control 200 in 1246ms (next.js: 5ms, application-code: 1240ms)
 GET /admin/access-control 200 in 1477ms (next.js: 6ms, application-code: 1471ms)
 GET /admin/access-control 200 in 1240ms (next.js: 32ms, application-code: 1208ms)
 GET /admin/access-control 200 in 1241ms (next.js: 57ms, application-code: 1184ms)
 GET /admin/access-control 200 in 1053ms (next.js: 320ms, application-code: 732ms)
 GET /admin/access-control 200 in 1251ms (next.js: 5ms, application-code: 1246ms)
 GET /admin/access-control 200 in 1230ms (next.js: 5ms, application-code: 1225ms)
 GET /admin/access-control 200 in 1461ms (next.js: 6ms, application-code: 1454ms)
 GET /admin/access-control 200 in 1460ms (next.js: 36ms, application-code: 1424ms)
 GET /admin/access-control 200 in 1432ms (next.js: 239ms, application-code: 1193ms)
 GET /admin/access-control 200 in 951ms (next.js: 227ms, application-code: 724ms)
 GET /admin/access-control 200 in 1278ms (next.js: 6ms, application-code: 1272ms)
 GET /admin/access-control 200 in 1250ms (next.js: 5ms, application-code: 1246ms)
 GET /admin/access-control 200 in 1497ms (next.js: 6ms, application-code: 1491ms)
 GET /admin/access-control 200 in 1497ms (next.js: 63ms, application-code: 1434ms)
 GET /admin/access-control 200 in 1498ms (next.js: 34ms, application-code: 1464ms)
 GET /admin/access-control 200 in 852ms (next.js: 119ms, application-code: 734ms)
 GET /admin/access-control 200 in 1614ms (next.js: 5ms, application-code: 1609ms)
 GET /admin/access-control 200 in 1384ms (next.js: 5ms, application-code: 1379ms)
 GET /admin/access-control 200 in 1686ms (next.js: 5ms, application-code: 1681ms)
 GET /admin/access-control 200 in 1686ms (next.js: 58ms, application-code: 1628ms)
 GET /admin/access-control 200 in 1688ms (next.js: 30ms, application-code: 1658ms)
 GET /admin/access-control 200 in 1611ms (next.js: 657ms, application-code: 953ms)
 GET /admin/access-control 200 in 1403ms (next.js: 7ms, application-code: 1396ms)
 GET /admin/access-control 200 in 1358ms (next.js: 8ms, application-code: 1351ms)
 GET /admin/access-control 200 in 1613ms (next.js: 8ms, application-code: 1605ms)
 GET /admin/access-control 200 in 1613ms (next.js: 42ms, application-code: 1571ms)
 GET /admin/access-control 200 in 1579ms (next.js: 162ms, application-code: 1418ms)
 GET /admin/access-control 200 in 1442ms (next.js: 390ms, application-code: 1051ms)
 GET /admin/access-control 200 in 1627ms (next.js: 8ms, application-code: 1619ms)
 GET /admin/access-control 200 in 1351ms (next.js: 8ms, application-code: 1344ms)
 GET /admin/access-control 200 in 1575ms (next.js: 6ms, application-code: 1568ms)
 GET /admin/access-control 200 in 1575ms (next.js: 39ms, application-code: 1536ms)
 GET /admin/access-control 200 in 1547ms (next.js: 266ms, application-code: 1281ms)
 GET /admin/access-control 200 in 1290ms (next.js: 289ms, application-code: 1001ms)
 GET /admin/access-control 200 in 1109ms (next.js: 7ms, application-code: 1102ms)
 GET /admin/access-control 200 in 1373ms (next.js: 7ms, application-code: 1367ms)
 GET /admin/access-control 200 in 2.2s (next.js: 8ms, application-code: 2.2s)
 GET /admin/access-control 200 in 2.2s (next.js: 39ms, application-code: 2.2s)
 GET /admin/access-control 200 in 1918ms (next.js: 251ms, application-code: 1667ms)
 GET /admin/access-control 200 in 1919ms (next.js: 287ms, application-code: 1632ms)
 GET /admin/access-control 200 in 1879ms (next.js: 8ms, application-code: 1871ms)
 GET /admin/access-control 200 in 2.1s (next.js: 149ms, application-code: 1918ms)
 GET /admin/access-control 200 in 1572ms (next.js: 43ms, application-code: 1529ms)
 GET /admin/access-control 200 in 1573ms (next.js: 7ms, application-code: 1566ms)
 GET /admin/access-control 200 in 1178ms (next.js: 123ms, application-code: 1055ms)
 GET /admin/access-control 200 in 1062ms (next.js: 38ms, application-code: 1024ms)
 GET /admin/access-control 200 in 1555ms (next.js: 8ms, application-code: 1548ms)
 GET /admin/access-control 200 in 1315ms (next.js: 21ms, application-code: 1293ms)
 GET /admin/access-control 200 in 1507ms (next.js: 10ms, application-code: 1497ms)
 GET /admin/access-control 200 in 1507ms (next.js: 42ms, application-code: 1465ms)
 GET /admin/access-control 200 in 1008ms (next.js: 36ms, application-code: 973ms)
 GET /admin/access-control 200 in 1010ms (next.js: 8ms, application-code: 1002ms)
 GET /admin/access-control 200 in 1523ms (next.js: 10ms, application-code: 1514ms)
 GET /admin/access-control 200 in 1266ms (next.js: 7ms, application-code: 1259ms)
 GET /admin/access-control 200 in 1291ms (next.js: 9ms, application-code: 1283ms)
 GET /admin/access-control 200 in 1512ms (next.js: 39ms, application-code: 1474ms)
 GET /admin/access-control 200 in 1238ms (next.js: 241ms, application-code: 997ms)
 GET /admin/access-control 200 in 1270ms (next.js: 268ms, application-code: 1002ms)
 GET /admin/access-control 200 in 1386ms (next.js: 11ms, application-code: 1375ms)
 GET /admin/access-control 200 in 1517ms (next.js: 8ms, application-code: 1509ms)
 GET /admin/access-control 200 in 1261ms (next.js: 8ms, application-code: 1253ms)
 GET /admin/access-control 200 in 1260ms (next.js: 220ms, application-code: 1041ms)
 GET /admin/access-control 200 in 1027ms (next.js: 39ms, application-code: 988ms)
 GET /admin/access-control 200 in 1142ms (next.js: 120ms, application-code: 1022ms)
 GET /admin/access-control 200 in 1525ms (next.js: 6ms, application-code: 1519ms)
 GET /admin/access-control 200 in 1506ms (next.js: 8ms, application-code: 1498ms)
 GET /admin/access-control 200 in 1264ms (next.js: 7ms, application-code: 1257ms)
 GET /admin/access-control 200 in 1265ms (next.js: 119ms, application-code: 1146ms)
 GET /admin/access-control 200 in 1251ms (next.js: 251ms, application-code: 999ms)
 GET /admin/access-control 200 in 1253ms (next.js: 221ms, application-code: 1032ms)
 GET /admin/access-control 200 in 1482ms (next.js: 7ms, application-code: 1475ms)
 GET /admin/access-control 200 in 1485ms (next.js: 6ms, application-code: 1479ms)
 GET /admin/access-control 200 in 1237ms (next.js: 8ms, application-code: 1229ms)
 GET /admin/access-control 200 in 1202ms (next.js: 217ms, application-code: 985ms)
 GET /admin/access-control 200 in 1020ms (next.js: 8ms, application-code: 1012ms)
 GET /admin/access-control 200 in 1259ms (next.js: 36ms, application-code: 1224ms)
 GET /admin/access-control 200 in 1507ms (next.js: 7ms, application-code: 1501ms)
 GET /admin/access-control 200 in 1531ms (next.js: 7ms, application-code: 1524ms)
 GET /admin/access-control 200 in 1282ms (next.js: 8ms, application-code: 1274ms)
 GET /admin/access-control 200 in 1281ms (next.js: 39ms, application-code: 1242ms)
 GET /admin/access-control 200 in 1493ms (next.js: 7ms, application-code: 1485ms)
 GET /admin/access-control 200 in 1493ms (next.js: 36ms, application-code: 1457ms)
 GET /admin/access-control 200 in 1056ms (next.js: 9ms, application-code: 1047ms)
 GET /admin/access-control 200 in 1467ms (next.js: 8ms, application-code: 1459ms)
 GET /admin/access-control 200 in 1229ms (next.js: 8ms, application-code: 1221ms)
 GET /admin/access-control 200 in 1262ms (next.js: 37ms, application-code: 1225ms)
 GET /admin/access-control 200 in 1275ms (next.js: 38ms, application-code: 1237ms)
 GET /admin/access-control 200 in 1496ms (next.js: 8ms, application-code: 1487ms)
 GET /admin/access-control 200 in 1270ms (next.js: 7ms, application-code: 1263ms)
 GET /admin/access-control 200 in 1500ms (next.js: 8ms, application-code: 1492ms)
 GET /admin/access-control 200 in 1382ms (next.js: 38ms, application-code: 1344ms)
 GET /admin/access-control 200 in 1384ms (next.js: 8ms, application-code: 1376ms)
 GET /admin/access-control 200 in 1393ms (next.js: 9ms, application-code: 1385ms)
 GET /admin/access-control 200 in 1478ms (next.js: 106ms, application-code: 1373ms)
 GET /admin/access-control 200 in 1316ms (next.js: 8ms, application-code: 1308ms)
 GET /admin/access-control 200 in 1529ms (next.js: 7ms, application-code: 1522ms)
 GET /admin/access-control 200 in 1268ms (next.js: 38ms, application-code: 1230ms)
 GET /admin/access-control 200 in 1270ms (next.js: 7ms, application-code: 1262ms)
 GET /admin/access-control 200 in 1496ms (next.js: 39ms, application-code: 1457ms)
 GET /admin/access-control 200 in 1497ms (next.js: 8ms, application-code: 1489ms)
 GET /admin/access-control 200 in 1498ms (next.js: 7ms, application-code: 1492ms)
 GET /admin/access-control 200 in 1498ms (next.js: 8ms, application-code: 1490ms)
 GET /admin/access-control 200 in 1254ms (next.js: 7ms, application-code: 1248ms)
 GET /admin/access-control 200 in 1254ms (next.js: 36ms, application-code: 1218ms)
 GET /admin/access-control 200 in 1281ms (next.js: 6ms, application-code: 1275ms)
 GET /admin/access-control 200 in 1505ms (next.js: 36ms, application-code: 1469ms)
 GET /admin/access-control 200 in 1506ms (next.js: 7ms, application-code: 1499ms)
 GET /admin/access-control 200 in 1492ms (next.js: 8ms, application-code: 1484ms)
 GET /admin/access-control 200 in 1235ms (next.js: 9ms, application-code: 1226ms)
 GET /admin/access-control 200 in 1235ms (next.js: 39ms, application-code: 1195ms)
 GET /admin/access-control 200 in 1497ms (next.js: 9ms, application-code: 1489ms)
 GET /admin/access-control 200 in 1464ms (next.js: 215ms, application-code: 1249ms)
 GET /admin/access-control 200 in 1504ms (next.js: 6ms, application-code: 1498ms)
 GET /admin/access-control 200 in 1546ms (next.js: 7ms, application-code: 1539ms)
 GET /admin/access-control 200 in 1547ms (next.js: 38ms, application-code: 1509ms)
 GET /admin/access-control 200 in 1519ms (next.js: 267ms, application-code: 1251ms)
 GET /admin/access-control 200 in 1334ms (next.js: 8ms, application-code: 1326ms)
 GET /admin/access-control 200 in 1513ms (next.js: 125ms, application-code: 1388ms)
 GET /admin/access-control 200 in 1551ms (next.js: 7ms, application-code: 1544ms)
 GET /admin/access-control 200 in 1268ms (next.js: 7ms, application-code: 1261ms)
 GET /admin/access-control 200 in 1268ms (next.js: 39ms, application-code: 1230ms)
 GET /admin/access-control 200 in 992ms (next.js: 233ms, application-code: 758ms)
 GET /admin/access-control 200 in 1550ms (next.js: 10ms, application-code: 1541ms)
 GET /admin/access-control 200 in 1562ms (next.js: 42ms, application-code: 1520ms)
 GET /admin/access-control 200 in 1637ms (next.js: 8ms, application-code: 1629ms)
 GET /admin/access-control 200 in 1637ms (next.js: 37ms, application-code: 1600ms)
 GET /admin/access-control 200 in 1637ms (next.js: 70ms, application-code: 1567ms)
 GET /admin/access-control 200 in 968ms (next.js: 124ms, application-code: 844ms)
 GET /admin/access-control 200 in 592ms (next.js: 7ms, application-code: 585ms)
 GET /admin/access-control 200 in 562ms (next.js: 122ms, application-code: 440ms)
 GET /admin/access-control 200 in 1614ms (next.js: 7ms, application-code: 1607ms)
 GET /admin/access-control 200 in 1354ms (next.js: 10ms, application-code: 1343ms)
 GET /admin/access-control 200 in 1354ms (next.js: 81ms, application-code: 1274ms)
 GET /admin/access-control 200 in 1356ms (next.js: 117ms, application-code: 1239ms)
 GET /admin/access-control 200 in 1357ms (next.js: 45ms, application-code: 1312ms)
 GET /admin/access-control 200 in 1393ms (next.js: 163ms, application-code: 1230ms)
 GET /admin/access-control 200 in 1533ms (next.js: 11ms, application-code: 1522ms)
 GET /admin/access-control 200 in 1370ms (next.js: 160ms, application-code: 1210ms)
 GET /admin/access-control 200 in 1248ms (next.js: 74ms, application-code: 1174ms)
 GET /admin/access-control 200 in 1248ms (next.js: 103ms, application-code: 1145ms)
 GET /admin/access-control 200 in 1373ms (next.js: 132ms, application-code: 1240ms)
 GET /admin/access-control 200 in 1216ms (next.js: 515ms, application-code: 701ms)
 GET /admin/access-control 200 in 1554ms (next.js: 8ms, application-code: 1546ms)
 GET /admin/access-control 200 in 1300ms (next.js: 9ms, application-code: 1291ms)
 GET /admin/access-control 200 in 1301ms (next.js: 37ms, application-code: 1264ms)
 GET /admin/access-control 200 in 1273ms (next.js: 180ms, application-code: 1093ms)
 GET /admin/access-control 200 in 1274ms (next.js: 149ms, application-code: 1125ms)
 GET /admin/access-control 200 in 1170ms (next.js: 392ms, application-code: 777ms)
 GET /admin/access-control 200 in 1696ms (next.js: 10ms, application-code: 1686ms)
 GET /admin/access-control 200 in 1657ms (next.js: 255ms, application-code: 1402ms)
 GET /admin/access-control 200 in 1416ms (next.js: 54ms, application-code: 1362ms)
 GET /admin/access-control 200 in 1416ms (next.js: 119ms, application-code: 1297ms)
 GET /admin/access-control 200 in 1417ms (next.js: 85ms, application-code: 1332ms)
 GET /admin/access-control 200 in 1021ms (next.js: 727ms, application-code: 294ms)
 GET /admin/access-control 200 in 1562ms (next.js: 9ms, application-code: 1553ms)
 GET /admin/access-control 200 in 1562ms (next.js: 46ms, application-code: 1516ms)
 GET /admin/access-control 200 in 1562ms (next.js: 76ms, application-code: 1486ms)
 GET /admin/access-control 200 in 1563ms (next.js: 106ms, application-code: 1457ms)
 GET /admin/access-control 200 in 1433ms (next.js: 564ms, application-code: 869ms)
 GET /admin/access-control 200 in 848ms (next.js: 456ms, application-code: 392ms)
 GET /admin/access-control 200 in 1551ms (next.js: 11ms, application-code: 1540ms)
 GET /admin/access-control 200 in 1549ms (next.js: 82ms, application-code: 1467ms)
 GET /admin/access-control 200 in 1550ms (next.js: 128ms, application-code: 1422ms)
 GET /admin/access-control 200 in 1552ms (next.js: 49ms, application-code: 1504ms)
 GET /admin/access-control 200 in 1447ms (next.js: 487ms, application-code: 960ms)
 GET /admin/access-control 200 in 922ms (next.js: 553ms, application-code: 369ms)
 GET /admin/access-control 200 in 1582ms (next.js: 37ms, application-code: 1545ms)
 GET /admin/access-control 200 in 1582ms (next.js: 72ms, application-code: 1510ms)
 GET /admin/access-control 200 in 1518ms (next.js: 484ms, application-code: 1034ms)
 GET /admin/access-control 200 in 1585ms (next.js: 8ms, application-code: 1577ms)
 GET /admin/access-control 200 in 1520ms (next.js: 514ms, application-code: 1006ms)
 GET /admin/access-control 200 in 982ms (next.js: 463ms, application-code: 519ms)
 GET /admin/access-control 200 in 1537ms (next.js: 38ms, application-code: 1499ms)
 GET /admin/access-control 200 in 1539ms (next.js: 8ms, application-code: 1530ms)
 GET /admin/access-control 200 in 1539ms (next.js: 68ms, application-code: 1471ms)
 GET /admin/access-control 200 in 1540ms (next.js: 110ms, application-code: 1430ms)
 GET /admin/access-control 200 in 753ms (next.js: 231ms, application-code: 522ms)
 GET /admin/access-control 200 in 1023ms (next.js: 124ms, application-code: 900ms)
 GET /admin/access-control 200 in 1530ms (next.js: 38ms, application-code: 1493ms)
 GET /admin/access-control 200 in 1532ms (next.js: 10ms, application-code: 1522ms)
 GET /admin/access-control 200 in 1466ms (next.js: 498ms, application-code: 968ms)
 GET /admin/access-control 200 in 1467ms (next.js: 465ms, application-code: 1002ms)
 GET /admin/access-control 200 in 1010ms (next.js: 78ms, application-code: 932ms)
 GET /admin/access-control 200 in 654ms (next.js: 120ms, application-code: 534ms)
 GET /admin/access-control 200 in 1532ms (next.js: 8ms, application-code: 1524ms)
 GET /admin/access-control 200 in 1532ms (next.js: 41ms, application-code: 1491ms)
 GET /admin/access-control 200 in 1500ms (next.js: 263ms, application-code: 1236ms)
 GET /admin/access-control 200 in 1007ms (next.js: 270ms, application-code: 737ms)
 GET /admin/access-control 200 in 1248ms (next.js: 245ms, application-code: 1003ms)
 GET /admin/access-control 200 in 693ms (next.js: 126ms, application-code: 567ms)
 GET /admin/access-control 200 in 1522ms (next.js: 9ms, application-code: 1513ms)
 GET /admin/access-control 200 in 1521ms (next.js: 61ms, application-code: 1460ms)
 GET /admin/access-control 200 in 1218ms (next.js: 256ms, application-code: 961ms)
 GET /admin/access-control 200 in 1473ms (next.js: 261ms, application-code: 1211ms)
 GET /admin/access-control 200 in 1218ms (next.js: 286ms, application-code: 933ms)
 GET /admin/access-control 200 in 868ms (next.js: 8ms, application-code: 860ms)
 GET /admin/access-control 200 in 1502ms (next.js: 8ms, application-code: 1494ms)
 GET /admin/access-control 200 in 1502ms (next.js: 41ms, application-code: 1461ms)
 GET /admin/access-control 200 in 1470ms (next.js: 281ms, application-code: 1189ms)
 GET /admin/access-control 200 in 1225ms (next.js: 294ms, application-code: 931ms)
 GET /admin/access-control 200 in 1473ms (next.js: 254ms, application-code: 1219ms)
 GET /admin/access-control 200 in 789ms (next.js: 7ms, application-code: 782ms)
 GET /admin/access-control 200 in 2.1s (next.js: 37ms, application-code: 2.0s)
 GET /admin/access-control 200 in 2.1s (next.js: 8ms, application-code: 2.0s)
 GET /admin/access-control 200 in 1988ms (next.js: 446ms, application-code: 1542ms)
 GET /admin/access-control 200 in 1550ms (next.js: 42ms, application-code: 1507ms)
 GET /admin/access-control 200 in 1550ms (next.js: 72ms, application-code: 1478ms)
 GET /admin/access-control 200 in 529ms (next.js: 8ms, application-code: 520ms)
 GET /admin/access-control 200 in 1490ms (next.js: 8ms, application-code: 1483ms)
 GET /admin/access-control 200 in 1254ms (next.js: 54ms, application-code: 1200ms)
 GET /admin/access-control 200 in 1462ms (next.js: 228ms, application-code: 1234ms)
 GET /admin/access-control 200 in 1209ms (next.js: 248ms, application-code: 961ms)
 GET /admin/access-control 200 in 1241ms (next.js: 276ms, application-code: 965ms)
 GET /admin/access-control 200 in 1070ms (next.js: 8ms, application-code: 1062ms)
 GET /admin/access-control 200 in 1525ms (next.js: 9ms, application-code: 1516ms)
 GET /admin/access-control 200 in 1276ms (next.js: 7ms, application-code: 1268ms)
 GET /admin/access-control 200 in 1277ms (next.js: 36ms, application-code: 1241ms)
 GET /admin/access-control 200 in 1277ms (next.js: 69ms, application-code: 1208ms)
 GET /admin/access-control 200 in 1278ms (next.js: 97ms, application-code: 1180ms)
 GET /admin/access-control 200 in 1109ms (next.js: 7ms, application-code: 1102ms)
 GET /admin/access-control 200 in 1529ms (next.js: 10ms, application-code: 1519ms)
 GET /admin/access-control 200 in 1262ms (next.js: 8ms, application-code: 1254ms)
 GET /admin/access-control 200 in 1262ms (next.js: 39ms, application-code: 1223ms)
 GET /admin/access-control 200 in 1290ms (next.js: 73ms, application-code: 1216ms)
 GET /admin/access-control 200 in 1291ms (next.js: 102ms, application-code: 1188ms)
 GET /admin/access-control 200 in 576ms (next.js: 7ms, application-code: 569ms)
 GET /admin/access-control 200 in 1519ms (next.js: 8ms, application-code: 1511ms)
 GET /admin/access-control 200 in 1265ms (next.js: 35ms, application-code: 1230ms)
 GET /admin/access-control 200 in 1267ms (next.js: 8ms, application-code: 1258ms)
 GET /admin/access-control 200 in 1409ms (next.js: 102ms, application-code: 1306ms)
 GET /admin/access-control 200 in 1522ms (next.js: 70ms, application-code: 1452ms)
 GET /admin/access-control 200 in 1009ms (next.js: 8ms, application-code: 1001ms)
 GET /admin/access-control 200 in 1521ms (next.js: 8ms, application-code: 1513ms)
 GET /admin/access-control 200 in 1265ms (next.js: 37ms, application-code: 1228ms)
 GET /admin/access-control 200 in 1266ms (next.js: 8ms, application-code: 1258ms)
 GET /admin/access-control 200 in 1232ms (next.js: 444ms, application-code: 788ms)
 GET /admin/access-control 200 in 1000ms (next.js: 40ms, application-code: 961ms)
 GET /admin/access-control 200 in 909ms (next.js: 123ms, application-code: 787ms)
 GET /admin/access-control 200 in 1488ms (next.js: 8ms, application-code: 1480ms)
 GET /admin/access-control 200 in 1250ms (next.js: 38ms, application-code: 1211ms)
 GET /admin/access-control 200 in 1252ms (next.js: 8ms, application-code: 1244ms)
 GET /admin/access-control 200 in 1219ms (next.js: 267ms, application-code: 952ms)
 GET /admin/access-control 200 in 962ms (next.js: 241ms, application-code: 721ms)
 GET /admin/access-control 200 in 335ms (next.js: 7ms, application-code: 328ms)
 GET /admin/access-control 200 in 1467ms (next.js: 36ms, application-code: 1431ms)
 GET /admin/access-control 200 in 1467ms (next.js: 71ms, application-code: 1397ms)
 GET /admin/access-control 200 in 1471ms (next.js: 8ms, application-code: 1462ms)
 GET /admin/access-control 200 in 947ms (next.js: 212ms, application-code: 735ms)
 GET /admin/access-control 200 in 873ms (next.js: 211ms, application-code: 663ms)
 GET /admin/access-control 200 in 874ms (next.js: 240ms, application-code: 633ms)
 GET /admin/access-control 200 in 1506ms (next.js: 7ms, application-code: 1499ms)
 GET /admin/access-control 200 in 1506ms (next.js: 39ms, application-code: 1467ms)
 GET /admin/access-control 200 in 1328ms (next.js: 328ms, application-code: 999ms)
 GET /admin/access-control 200 in 1328ms (next.js: 359ms, application-code: 969ms)
 GET /admin/access-control 200 in 970ms (next.js: 438ms, application-code: 532ms)
 GET /admin/access-control 200 in 682ms (next.js: 38ms, application-code: 645ms)
 GET /admin/access-control 200 in 1537ms (next.js: 7ms, application-code: 1530ms)
 GET /admin/access-control 200 in 1538ms (next.js: 36ms, application-code: 1502ms)
 GET /admin/access-control 200 in 1367ms (next.js: 318ms, application-code: 1049ms)
 GET /admin/access-control 200 in 1369ms (next.js: 350ms, application-code: 1018ms)
 GET /admin/access-control 200 in 1044ms (next.js: 433ms, application-code: 611ms)
 GET /admin/access-control 200 in 860ms (next.js: 56ms, application-code: 804ms)
 GET /admin/access-control 200 in 571ms (next.js: 9ms, application-code: 563ms)
 GET /admin/access-control 200 in 573ms (next.js: 41ms, application-code: 531ms)
✓ Compiled in 139ms
✓ Compiled in 345ms
✓ Compiled in 150ms
✓ Compiled in 100ms
 GET /admin/access-control 200 in 3.0s (next.js: 197ms, application-code: 2.8s)
 GET /admin/access-control 200 in 1682ms (next.js: 402ms, application-code: 1280ms)
 GET /admin/access-control 200 in 680ms (next.js: 50ms, application-code: 630ms)
 GET / 200 in 2.5s (next.js: 163ms, application-code: 2.3s)
 GET / 200 in 1706ms (next.js: 265ms, application-code: 1441ms)
 GET / 200 in 702ms (next.js: 9ms, application-code: 692ms)
✓ Compiled in 700ms
 GET /admin/access-control 200 in 891ms (next.js: 10ms, application-code: 881ms)
 GET / 200 in 895ms (next.js: 50ms, application-code: 845ms)
✓ Compiled in 132ms
✓ Compiled in 76ms
✓ Compiled in 0ms
 GET / 200 in 1538ms (next.js: 642ms, application-code: 896ms)
 GET / 200 in 3.5s (next.js: 204ms, application-code: 3.3s)
 GET /admin/access-control 200 in 4.3s (next.js: 527ms, application-code: 3.8s)
 GET /admin/access-control 200 in 2.5s (next.js: 720ms, application-code: 1794ms)
 GET /admin/access-control 200 in 1489ms (next.js: 174ms, application-code: 1315ms)
 GET /admin/access-control 200 in 1288ms (next.js: 7ms, application-code: 1280ms)
 GET /admin/access-control 200 in 1151ms (next.js: 122ms, application-code: 1029ms)
 GET /admin/access-control 200 in 1291ms (next.js: 7ms, application-code: 1285ms)
 GET /admin/access-control 200 in 1262ms (next.js: 228ms, application-code: 1034ms)
 GET / 200 in 4.8s (next.js: 517ms, application-code: 4.3s)
 GET /admin/access-control 200 in 1568ms (next.js: 9ms, application-code: 1559ms)
 GET /admin/access-control 200 in 1301ms (next.js: 7ms, application-code: 1294ms)
 GET /admin/access-control 200 in 1334ms (next.js: 20ms, application-code: 1314ms)
 GET /admin/access-control 200 in 1301ms (next.js: 10ms, application-code: 1291ms)
 GET /admin/access-control 200 in 1287ms (next.js: 23ms, application-code: 1264ms)
 GET /admin/access-control 200 in 1663ms (next.js: 220ms, application-code: 1443ms)
 GET /admin/access-control 200 in 1699ms (next.js: 8ms, application-code: 1691ms)
 GET /admin/access-control 200 in 1469ms (next.js: 8ms, application-code: 1462ms)
 GET /admin/access-control 200 in 1494ms (next.js: 7ms, application-code: 1487ms)
 GET /admin/access-control 200 in 1480ms (next.js: 22ms, application-code: 1458ms)
 GET /admin/access-control 200 in 1280ms (next.js: 10ms, application-code: 1271ms)
 GET /admin/access-control 200 in 1308ms (next.js: 10ms, application-code: 1299ms)
 GET /admin/access-control 200 in 1507ms (next.js: 8ms, application-code: 1500ms)
 GET /admin/access-control 200 in 1476ms (next.js: 221ms, application-code: 1255ms)
 GET /admin/access-control 200 in 1501ms (next.js: 7ms, application-code: 1494ms)
 GET /admin/access-control 200 in 1263ms (next.js: 8ms, application-code: 1255ms)
 GET /admin/access-control 200 in 1010ms (next.js: 8ms, application-code: 1001ms)
 GET /admin/access-control 200 in 1302ms (next.js: 7ms, application-code: 1295ms)
 GET /admin/access-control 200 in 1408ms (next.js: 8ms, application-code: 1400ms)
 GET /admin/access-control 200 in 1492ms (next.js: 219ms, application-code: 1273ms)
 GET /admin/access-control 200 in 1515ms (next.js: 9ms, application-code: 1506ms)
 GET /admin/access-control 200 in 1276ms (next.js: 22ms, application-code: 1254ms)
 GET /admin/access-control 200 in 1263ms (next.js: 39ms, application-code: 1224ms)
 GET /admin/access-control 200 in 1377ms (next.js: 7ms, application-code: 1370ms)
 GET /admin/access-control 200 in 1476ms (next.js: 9ms, application-code: 1467ms)
 GET /admin/access-control 200 in 1454ms (next.js: 227ms, application-code: 1227ms)
 GET /admin/access-control 200 in 1677ms (next.js: 8ms, application-code: 1669ms)
 GET /admin/access-control 200 in 1677ms (next.js: 37ms, application-code: 1640ms)
 GET /admin/access-control 200 in 1401ms (next.js: 213ms, application-code: 1188ms)
 GET /admin/access-control 200 in 1691ms (next.js: 7ms, application-code: 1685ms)
 GET /admin/access-control 200 in 1474ms (next.js: 8ms, application-code: 1466ms)
 GET /admin/access-control 200 in 1645ms (next.js: 157ms, application-code: 1488ms)
 GET /admin/access-control 200 in 1496ms (next.js: 40ms, application-code: 1456ms)
 GET /admin/access-control 200 in 1498ms (next.js: 10ms, application-code: 1489ms)
 GET /admin/access-control 200 in 1114ms (next.js: 116ms, application-code: 997ms)
 GET /admin/access-control 200 in 1488ms (next.js: 7ms, application-code: 1482ms)
 GET /admin/access-control 200 in 1499ms (next.js: 7ms, application-code: 1493ms)
 GET /admin/access-control 200 in 1468ms (next.js: 225ms, application-code: 1243ms)
 GET /admin/access-control 200 in 1532ms (next.js: 8ms, application-code: 1523ms)
 GET /admin/access-control 200 in 1532ms (next.js: 38ms, application-code: 1494ms)
 GET /admin/access-control 200 in 1047ms (next.js: 9ms, application-code: 1038ms)
 GET /admin/access-control 200 in 1539ms (next.js: 6ms, application-code: 1533ms)
 GET /admin/access-control 200 in 1287ms (next.js: 7ms, application-code: 1281ms)
 GET /admin/access-control 200 in 1548ms (next.js: 37ms, application-code: 1511ms)
 GET /admin/access-control 200 in 1294ms (next.js: 9ms, application-code: 1285ms)
 GET /admin/access-control 200 in 1295ms (next.js: 39ms, application-code: 1256ms)
 GET /admin/access-control 200 in 1006ms (next.js: 7ms, application-code: 999ms)
 GET /admin/access-control 200 in 1689ms (next.js: 12ms, application-code: 1677ms)
 GET /admin/access-control 200 in 1429ms (next.js: 7ms, application-code: 1422ms)
 GET /admin/access-control 200 in 1534ms (next.js: 115ms, application-code: 1419ms)
 GET /admin/access-control 200 in 1692ms (next.js: 8ms, application-code: 1684ms)
 GET /admin/access-control 200 in 1693ms (next.js: 36ms, application-code: 1657ms)
 GET /admin/access-control 200 in 1204ms (next.js: 29ms, application-code: 1175ms)
 GET /admin/access-control 200 in 1594ms (next.js: 9ms, application-code: 1585ms)
 GET /admin/access-control 200 in 1344ms (next.js: 8ms, application-code: 1336ms)
 GET /admin/access-control 200 in 1124ms (next.js: 7ms, application-code: 1117ms)
 GET /admin/access-control 200 in 1614ms (next.js: 8ms, application-code: 1606ms)
 GET /admin/access-control 200 in 1614ms (next.js: 38ms, application-code: 1577ms)
 GET /admin/access-control 200 in 1332ms (next.js: 257ms, application-code: 1075ms)
 GET /admin/access-control 200 in 1582ms (next.js: 9ms, application-code: 1573ms)
 GET /admin/access-control 200 in 1537ms (next.js: 226ms, application-code: 1311ms)
 GET /admin/access-control 200 in 1054ms (next.js: 8ms, application-code: 1046ms)
 GET /admin/access-control 200 in 1579ms (next.js: 8ms, application-code: 1571ms)
 GET /admin/access-control 200 in 1579ms (next.js: 43ms, application-code: 1536ms)
 GET /admin/access-control 200 in 1545ms (next.js: 284ms, application-code: 1260ms)
 GET /admin/access-control 200 in 1550ms (next.js: 38ms, application-code: 1513ms)
 GET /admin/access-control 200 in 1552ms (next.js: 7ms, application-code: 1545ms)
 GET /admin/access-control 200 in 1069ms (next.js: 7ms, application-code: 1062ms)
 GET /admin/access-control 200 in 1785ms (next.js: 38ms, application-code: 1748ms)
 GET /admin/access-control 200 in 1787ms (next.js: 7ms, application-code: 1780ms)
 GET /admin/access-control 200 in 1285ms (next.js: 9ms, application-code: 1276ms)
 GET /admin/access-control 200 in 1817ms (next.js: 8ms, application-code: 1809ms)
 GET /admin/access-control 200 in 1788ms (next.js: 113ms, application-code: 1675ms)
 GET /admin/access-control 200 in 1180ms (next.js: 10ms, application-code: 1170ms)
 GET /admin/access-control 200 in 1620ms (next.js: 8ms, application-code: 1612ms)
 GET /admin/access-control 200 in 1588ms (next.js: 128ms, application-code: 1460ms)
 GET /admin/access-control 200 in 1302ms (next.js: 220ms, application-code: 1081ms)
 GET /admin/access-control 200 in 1655ms (next.js: 8ms, application-code: 1647ms)
 GET /admin/access-control 200 in 1655ms (next.js: 45ms, application-code: 1610ms)
 GET /admin/access-control 200 in 1133ms (next.js: 8ms, application-code: 1125ms)
 GET /admin/access-control 200 in 1615ms (next.js: 12ms, application-code: 1603ms)
 GET /admin/access-control 200 in 1567ms (next.js: 250ms, application-code: 1317ms)
 GET /admin/access-control 200 in 1331ms (next.js: 49ms, application-code: 1282ms)
 GET /admin/access-control 200 in 1554ms (next.js: 9ms, application-code: 1545ms)
 GET /admin/access-control 200 in 1517ms (next.js: 224ms, application-code: 1293ms)
 GET /admin/access-control 200 in 1075ms (next.js: 8ms, application-code: 1067ms)
 GET /admin/access-control 200 in 1592ms (next.js: 11ms, application-code: 1581ms)
 GET /admin/access-control 200 in 1557ms (next.js: 222ms, application-code: 1335ms)
 GET /admin/access-control 200 in 1345ms (next.js: 40ms, application-code: 1305ms)
 GET /admin/access-control 200 in 1844ms (next.js: 8ms, application-code: 1837ms)
 GET /admin/access-control 200 in 1813ms (next.js: 234ms, application-code: 1579ms)
 GET /admin/access-control 200 in 1358ms (next.js: 27ms, application-code: 1331ms)
 GET /admin/access-control 200 in 1844ms (next.js: 10ms, application-code: 1834ms)
 GET /admin/access-control 200 in 1810ms (next.js: 131ms, application-code: 1679ms)
 GET /admin/access-control 200 in 1687ms (next.js: 173ms, application-code: 1514ms)
 GET /admin/access-control 200 in 1593ms (next.js: 7ms, application-code: 1587ms)
 GET /admin/access-control 200 in 1557ms (next.js: 231ms, application-code: 1326ms)
 GET /admin/access-control 200 in 1091ms (next.js: 7ms, application-code: 1084ms)
 GET /admin/access-control 200 in 1602ms (next.js: 7ms, application-code: 1594ms)
 GET /admin/access-control 200 in 1569ms (next.js: 229ms, application-code: 1340ms)
 GET /admin/access-control 200 in 1347ms (next.js: 39ms, application-code: 1309ms)
 GET /admin/access-control 200 in 1663ms (next.js: 8ms, application-code: 1655ms)
 GET /admin/access-control 200 in 1630ms (next.js: 255ms, application-code: 1376ms)
 GET /admin/access-control 200 in 1159ms (next.js: 24ms, application-code: 1135ms)
 GET /admin/access-control 200 in 1654ms (next.js: 8ms, application-code: 1646ms)
 GET /admin/access-control 200 in 1498ms (next.js: 139ms, application-code: 1359ms)
 GET /admin/access-control 200 in 1368ms (next.js: 43ms, application-code: 1325ms)
 GET /admin/access-control 200 in 1636ms (next.js: 8ms, application-code: 1627ms)
 GET /admin/access-control 200 in 1600ms (next.js: 249ms, application-code: 1351ms)
 GET /admin/access-control 200 in 1085ms (next.js: 9ms, application-code: 1076ms)
 GET /admin/access-control 200 in 2.0s (next.js: 9ms, application-code: 2.0s)
 GET /admin/access-control 200 in 1763ms (next.js: 9ms, application-code: 1754ms)
 GET /admin/access-control 200 in 1763ms (next.js: 43ms, application-code: 1721ms)
 GET /admin/access-control 200 in 2.1s (next.js: 10ms, application-code: 2.1s)
 GET /admin/access-control 200 in 1821ms (next.js: 31ms, application-code: 1789ms)
 GET /admin/access-control 200 in 1812ms (next.js: 81ms, application-code: 1731ms)
 GET /admin/access-control 200 in 1820ms (next.js: 11ms, application-code: 1809ms)
 GET /admin/access-control 200 in 1524ms (next.js: 26ms, application-code: 1498ms)
 GET /admin/access-control 200 in 1524ms (next.js: 62ms, application-code: 1462ms)
 GET /admin/access-control 200 in 1830ms (next.js: 17ms, application-code: 1814ms)
 GET /admin/access-control 200 in 1777ms (next.js: 281ms, application-code: 1496ms)
 GET /admin/access-control 200 in 1503ms (next.js: 259ms, application-code: 1245ms)
 GET /admin/access-control 200 in 1777ms (next.js: 11ms, application-code: 1765ms)
 GET /admin/access-control 200 in 1467ms (next.js: 46ms, application-code: 1421ms)
 GET /admin/access-control 200 in 1469ms (next.js: 10ms, application-code: 1459ms)
 GET /admin/access-control 200 in 1712ms (next.js: 9ms, application-code: 1703ms)
 GET /admin/access-control 200 in 1429ms (next.js: 11ms, application-code: 1417ms)
 GET /admin/access-control 200 in 1426ms (next.js: 258ms, application-code: 1169ms)
 GET /admin/access-control 200 in 1706ms (next.js: 14ms, application-code: 1692ms)
 GET /admin/access-control 200 in 1531ms (next.js: 11ms, application-code: 1520ms)
 GET /admin/access-control 200 in 2.0s (next.js: 52ms, application-code: 1973ms)
 GET /admin/access-control 200 in 2.0s (next.js: 7ms, application-code: 2.0s)
 GET /admin/access-control 200 in 1758ms (next.js: 10ms, application-code: 1748ms)
 GET /admin/access-control 200 in 1631ms (next.js: 130ms, application-code: 1501ms)
 GET /admin/access-control 200 in 2.0s (next.js: 30ms, application-code: 1970ms)
 GET /admin/access-control 200 in 1426ms (next.js: 8ms, application-code: 1418ms)
 GET /admin/access-control 200 in 1426ms (next.js: 40ms, application-code: 1386ms)
 GET /admin/access-control 200 in 1706ms (next.js: 9ms, application-code: 1698ms)
 GET /admin/access-control 200 in 1440ms (next.js: 10ms, application-code: 1431ms)
 GET /admin/access-control 200 in 1439ms (next.js: 249ms, application-code: 1189ms)
 GET /admin/access-control 200 in 1675ms (next.js: 10ms, application-code: 1665ms)
 GET /admin/access-control 200 in 1354ms (next.js: 44ms, application-code: 1310ms)
 GET /admin/access-control 200 in 1356ms (next.js: 10ms, application-code: 1346ms)
 GET /admin/access-control 200 in 1605ms (next.js: 10ms, application-code: 1595ms)
 GET /admin/access-control 200 in 1342ms (next.js: 8ms, application-code: 1333ms)
 GET /admin/access-control 200 in 1464ms (next.js: 238ms, application-code: 1226ms)
 GET /admin/access-control 200 in 1596ms (next.js: 8ms, application-code: 1587ms)
 GET /admin/access-control 200 in 1563ms (next.js: 145ms, application-code: 1418ms)
 GET /admin/access-control 200 in 1565ms (next.js: 111ms, application-code: 1453ms)
 GET /admin/access-control 200 in 1697ms (next.js: 7ms, application-code: 1690ms)
 GET /admin/access-control 200 in 1427ms (next.js: 7ms, application-code: 1420ms)
 GET /admin/access-control 200 in 1784ms (next.js: 237ms, application-code: 1547ms)
 GET /admin/access-control 200 in 1828ms (next.js: 8ms, application-code: 1820ms)
 GET /admin/access-control 200 in 1793ms (next.js: 227ms, application-code: 1566ms)
 GET /admin/access-control 200 in 1793ms (next.js: 261ms, application-code: 1532ms)
 GET /admin/access-control 200 in 1807ms (next.js: 13ms, application-code: 1795ms)
 GET /admin/access-control 200 in 1416ms (next.js: 8ms, application-code: 1408ms)
 GET /admin/access-control 200 in 1189ms (next.js: 24ms, application-code: 1165ms)
 GET /admin/access-control 200 in 1691ms (next.js: 7ms, application-code: 1683ms)
 GET /admin/access-control 200 in 1656ms (next.js: 232ms, application-code: 1424ms)
 GET /admin/access-control 200 in 1657ms (next.js: 280ms, application-code: 1377ms)
 GET /admin/access-control 200 in 1579ms (next.js: 8ms, application-code: 1570ms)
 GET /admin/access-control 200 in 1535ms (next.js: 231ms, application-code: 1303ms)
 GET /admin/access-control 200 in 1025ms (next.js: 8ms, application-code: 1017ms)
 GET /admin/access-control 200 in 1499ms (next.js: 7ms, application-code: 1491ms)
 GET /admin/access-control 200 in 1499ms (next.js: 41ms, application-code: 1458ms)
 GET /admin/access-control 200 in 1468ms (next.js: 264ms, application-code: 1204ms)
 GET /admin/access-control 200 in 1478ms (next.js: 9ms, application-code: 1469ms)
 GET /admin/access-control 200 in 1446ms (next.js: 114ms, application-code: 1331ms)
 GET /admin/access-control 200 in 1197ms (next.js: 214ms, application-code: 984ms)
 GET /admin/access-control 200 in 1699ms (next.js: 36ms, application-code: 1662ms)
 GET /admin/access-control 200 in 1700ms (next.js: 8ms, application-code: 1692ms)
 GET /admin/access-control 200 in 1210ms (next.js: 9ms, application-code: 1201ms)
 GET /admin/access-control 200 in 1728ms (next.js: 9ms, application-code: 1719ms)
 GET /admin/access-control 200 in 1729ms (next.js: 40ms, application-code: 1688ms)
 GET /admin/access-control 200 in 1446ms (next.js: 310ms, application-code: 1136ms)
 GET /admin/access-control 200 in 1540ms (next.js: 38ms, application-code: 1503ms)
 GET /admin/access-control 200 in 1542ms (next.js: 7ms, application-code: 1535ms)
 GET /admin/access-control 200 in 1478ms (next.js: 440ms, application-code: 1038ms)
 GET /admin/access-control 200 in 1543ms (next.js: 8ms, application-code: 1535ms)
 GET /admin/access-control 200 in 1542ms (next.js: 39ms, application-code: 1503ms)
 GET /admin/access-control 200 in 1138ms (next.js: 129ms, application-code: 1009ms)
 GET /admin/access-control 200 in 1500ms (next.js: 37ms, application-code: 1463ms)
 GET /admin/access-control 200 in 1502ms (next.js: 9ms, application-code: 1493ms)
 GET /admin/access-control 200 in 1006ms (next.js: 8ms, application-code: 998ms)
 GET /admin/access-control 200 in 1496ms (next.js: 7ms, application-code: 1489ms)
 GET /admin/access-control 200 in 1467ms (next.js: 104ms, application-code: 1364ms)
 GET /admin/access-control 200 in 1113ms (next.js: 119ms, application-code: 994ms)
 GET /admin/access-control 200 in 1526ms (next.js: 9ms, application-code: 1518ms)
 GET /admin/access-control 200 in 1527ms (next.js: 38ms, application-code: 1489ms)
 GET /admin/access-control 200 in 1351ms (next.js: 331ms, application-code: 1020ms)
 GET /admin/access-control 200 in 1687ms (next.js: 9ms, application-code: 1678ms)
 GET /admin/access-control 200 in 1687ms (next.js: 42ms, application-code: 1644ms)
 GET /admin/access-control 200 in 1403ms (next.js: 213ms, application-code: 1190ms)
 GET /admin/access-control 200 in 1674ms (next.js: 36ms, application-code: 1638ms)
 GET /admin/access-control 200 in 1676ms (next.js: 8ms, application-code: 1667ms)
 GET /admin/access-control 200 in 1507ms (next.js: 334ms, application-code: 1173ms)
 GET /admin/access-control 200 in 1511ms (next.js: 11ms, application-code: 1500ms)
 GET /admin/access-control 200 in 1513ms (next.js: 48ms, application-code: 1465ms)
 GET /admin/access-control 200 in 1001ms (next.js: 7ms, application-code: 994ms)
 GET /admin/access-control 200 in 1504ms (next.js: 9ms, application-code: 1495ms)
 GET /admin/access-control 200 in 1506ms (next.js: 42ms, application-code: 1464ms)
 GET /admin/access-control 200 in 1472ms (next.js: 257ms, application-code: 1215ms)
 GET /admin/access-control 200 in 1497ms (next.js: 8ms, application-code: 1490ms)
 GET /admin/access-control 200 in 1466ms (next.js: 214ms, application-code: 1252ms)
 GET /admin/access-control 200 in 1260ms (next.js: 50ms, application-code: 1210ms)
 GET /admin/access-control 200 in 1499ms (next.js: 9ms, application-code: 1490ms)
 GET /admin/access-control 200 in 1499ms (next.js: 40ms, application-code: 1459ms)
 GET /admin/access-control 200 in 1338ms (next.js: 233ms, application-code: 1105ms)
 GET /admin/access-control 200 in 1506ms (next.js: 8ms, application-code: 1498ms)
 GET /admin/access-control 200 in 1473ms (next.js: 253ms, application-code: 1220ms)
 GET /admin/access-control 200 in 1474ms (next.js: 224ms, application-code: 1250ms)
 GET /admin/access-control 200 in 1497ms (next.js: 7ms, application-code: 1490ms)
 GET /admin/access-control 200 in 1500ms (next.js: 38ms, application-code: 1462ms)
 GET /admin/access-control 200 in 1470ms (next.js: 259ms, application-code: 1211ms)
 GET /admin/access-control 200 in 1693ms (next.js: 8ms, application-code: 1685ms)
 GET /admin/access-control 200 in 1661ms (next.js: 211ms, application-code: 1450ms)
 GET /admin/access-control 200 in 1662ms (next.js: 240ms, application-code: 1422ms)
 GET /admin/access-control 200 in 1686ms (next.js: 11ms, application-code: 1674ms)
 GET /admin/access-control 200 in 1263ms (next.js: 11ms, application-code: 1252ms)
 GET /admin/access-control 200 in 1263ms (next.js: 62ms, application-code: 1201ms)
 GET /admin/access-control 200 in 1485ms (next.js: 8ms, application-code: 1477ms)
 GET /admin/access-control 200 in 1454ms (next.js: 216ms, application-code: 1238ms)
 GET /admin/access-control 200 in 1454ms (next.js: 244ms, application-code: 1210ms)
 GET /admin/access-control 200 in 1511ms (next.js: 8ms, application-code: 1503ms)
 GET /admin/access-control 200 in 1511ms (next.js: 39ms, application-code: 1472ms)
 GET /admin/access-control 200 in 1227ms (next.js: 211ms, application-code: 1016ms)
 GET /admin/access-control 200 in 1503ms (next.js: 8ms, application-code: 1496ms)
 GET /admin/access-control 200 in 1503ms (next.js: 41ms, application-code: 1462ms)
 GET /admin/access-control 200 in 1473ms (next.js: 251ms, application-code: 1221ms)
 GET /admin/access-control 200 in 1507ms (next.js: 7ms, application-code: 1500ms)
 GET /admin/access-control 200 in 1479ms (next.js: 106ms, application-code: 1373ms)
 GET /admin/access-control 200 in 1382ms (next.js: 151ms, application-code: 1231ms)
 GET /admin/access-control 200 in 1520ms (next.js: 7ms, application-code: 1513ms)
 GET /admin/access-control 200 in 1521ms (next.js: 37ms, application-code: 1484ms)
 GET /admin/access-control 200 in 1542ms (next.js: 66ms, application-code: 1475ms)
 GET /admin/access-control 200 in 1704ms (next.js: 8ms, application-code: 1696ms)
 GET /admin/access-control 200 in 1671ms (next.js: 217ms, application-code: 1454ms)
 GET /admin/access-control 200 in 1418ms (next.js: 210ms, application-code: 1208ms)
 GET /admin/access-control 200 in 1682ms (next.js: 67ms, application-code: 1615ms)
 GET /admin/access-control 200 in 1688ms (next.js: 19ms, application-code: 1670ms)
 GET /admin/access-control 200 in 1147ms (next.js: 119ms, application-code: 1028ms)
 GET /admin/access-control 200 in 1495ms (next.js: 8ms, application-code: 1487ms)
 GET /admin/access-control 200 in 1254ms (next.js: 23ms, application-code: 1231ms)
 GET /admin/access-control 200 in 1239ms (next.js: 40ms, application-code: 1200ms)
 GET /admin/access-control 200 in 1552ms (next.js: 37ms, application-code: 1515ms)
 GET /admin/access-control 200 in 1553ms (next.js: 8ms, application-code: 1545ms)
 GET /admin/access-control 200 in 1067ms (next.js: 7ms, application-code: 1060ms)
 GET /admin/access-control 200 in 1594ms (next.js: 8ms, application-code: 1587ms)
 GET /admin/access-control 200 in 1323ms (next.js: 9ms, application-code: 1314ms)
 GET /admin/access-control 200 in 1323ms (next.js: 39ms, application-code: 1285ms)
 GET /admin/access-control 200 in 1523ms (next.js: 12ms, application-code: 1511ms)
 GET /admin/access-control 200 in 1522ms (next.js: 50ms, application-code: 1472ms)
 GET /admin/access-control 200 in 1232ms (next.js: 230ms, application-code: 1002ms)
 GET /admin/access-control 200 in 1628ms (next.js: 8ms, application-code: 1619ms)
 GET /admin/access-control 200 in 1389ms (next.js: 8ms, application-code: 1381ms)
 GET /admin/access-control 200 in 1391ms (next.js: 37ms, application-code: 1354ms)
 GET /admin/access-control 200 in 1887ms (next.js: 7ms, application-code: 1880ms)
 GET /admin/access-control 200 in 1887ms (next.js: 43ms, application-code: 1844ms)
 GET /admin/access-control 200 in 1539ms (next.js: 243ms, application-code: 1296ms)
 GET /admin/access-control 200 in 1827ms (next.js: 13ms, application-code: 1814ms)
 GET /admin/access-control 200 in 1388ms (next.js: 13ms, application-code: 1376ms)
 GET /admin/access-control 200 in 1388ms (next.js: 55ms, application-code: 1333ms)
 GET /admin/access-control 200 in 1617ms (next.js: 13ms, application-code: 1604ms)
 GET /admin/access-control 200 in 1617ms (next.js: 54ms, application-code: 1563ms)
 GET /admin/access-control 200 in 1312ms (next.js: 253ms, application-code: 1058ms)
 GET /admin/access-control 200 in 1313ms (next.js: 9ms, application-code: 1304ms)
 GET /admin/access-control 200 in 1042ms (next.js: 7ms, application-code: 1035ms)
 GET /admin/access-control 200 in 1042ms (next.js: 37ms, application-code: 1005ms)
 GET /admin/access-control 200 in 1289ms (next.js: 10ms, application-code: 1279ms)
 GET /admin/access-control 200 in 1292ms (next.js: 40ms, application-code: 1252ms)
 GET /admin/access-control 200 in 784ms (next.js: 9ms, application-code: 775ms)
 GET /admin/access-control 200 in 527ms (next.js: 8ms, application-code: 520ms)
 GET /admin/access-control 200 in 528ms (next.js: 39ms, application-code: 488ms)
 GET /partners 500 in 746ms (next.js: 239ms, application-code: 507ms)
 GET /partners 500 in 371ms (next.js: 96ms, application-code: 275ms)
✓ Compiled in 156ms
✓ Compiled in 178ms
 GET / 200 in 1271ms (next.js: 599ms, application-code: 672ms)
 GET / 200 in 2.8s (next.js: 748ms, application-code: 2.1s)
 GET /admin/access-control 200 in 3.3s (next.js: 398ms, application-code: 3.0s)
 GET /admin/access-control 200 in 2.1s (next.js: 462ms, application-code: 1621ms)
 GET /admin/access-control 200 in 1060ms (next.js: 37ms, application-code: 1023ms)
 GET /admin/access-control 200 in 1062ms (next.js: 7ms, application-code: 1055ms)
 GET /admin/access-control 200 in 1314ms (next.js: 10ms, application-code: 1304ms)
 GET /admin/access-control 200 in 1314ms (next.js: 48ms, application-code: 1266ms)
 GET / 200 in 4.6s (next.js: 596ms, application-code: 4.0s)
 GET /admin/access-control 200 in 1331ms (next.js: 6ms, application-code: 1325ms)
 GET /admin/access-control 200 in 1406ms (next.js: 7ms, application-code: 1399ms)
 GET /admin/access-control 200 in 1631ms (next.js: 39ms, application-code: 1592ms)
 GET /admin/access-control 200 in 1651ms (next.js: 8ms, application-code: 1643ms)
 GET /admin/access-control 200 in 1652ms (next.js: 40ms, application-code: 1612ms)
 GET /admin/access-control 200 in 1124ms (next.js: 7ms, application-code: 1117ms)
 GET /admin/access-control 200 in 1154ms (next.js: 9ms, application-code: 1145ms)
 GET /admin/access-control 200 in 1441ms (next.js: 9ms, application-code: 1432ms)
 GET /admin/access-control 200 in 1620ms (next.js: 135ms, application-code: 1485ms)
 GET /admin/access-control 200 in 1805ms (next.js: 10ms, application-code: 1795ms)
 GET /admin/access-control 200 in 1806ms (next.js: 45ms, application-code: 1760ms)
 GET /admin/access-control 200 in 1484ms (next.js: 242ms, application-code: 1242ms)
 GET /admin/access-control 200 in 971ms (next.js: 8ms, application-code: 963ms)
 GET /admin/access-control 200 in 722ms (next.js: 8ms, application-code: 714ms)
 GET /admin/access-control 200 in 469ms (next.js: 29ms, application-code: 440ms)
 GET /admin/access-control 200 in 1638ms (next.js: 12ms, application-code: 1626ms)
 GET /admin/access-control 200 in 1639ms (next.js: 61ms, application-code: 1578ms)
 GET /admin/access-control 200 in 1640ms (next.js: 135ms, application-code: 1505ms)
 GET /admin/access-control 200 in 1642ms (next.js: 101ms, application-code: 1541ms)
 GET /admin/access-control 200 in 1642ms (next.js: 169ms, application-code: 1473ms)
 GET /admin/access-control 200 in 1643ms (next.js: 201ms, application-code: 1442ms)
 GET /admin/access-control 200 in 1532ms (next.js: 9ms, application-code: 1523ms)
 GET /admin/access-control 200 in 1532ms (next.js: 66ms, application-code: 1466ms)
 GET /admin/access-control 200 in 1533ms (next.js: 37ms, application-code: 1496ms)
 GET /admin/access-control 200 in 1533ms (next.js: 102ms, application-code: 1431ms)
 GET /admin/access-control 200 in 1533ms (next.js: 129ms, application-code: 1404ms)
 GET /admin/access-control 200 in 1534ms (next.js: 158ms, application-code: 1376ms)
 GET /admin/access-control 200 in 1542ms (next.js: 7ms, application-code: 1535ms)
 GET /admin/access-control 200 in 1541ms (next.js: 159ms, application-code: 1382ms)
 GET /admin/access-control 200 in 1544ms (next.js: 38ms, application-code: 1506ms)
 GET /admin/access-control 200 in 1544ms (next.js: 66ms, application-code: 1477ms)
 GET /admin/access-control 200 in 1544ms (next.js: 95ms, application-code: 1449ms)
 GET /admin/access-control 200 in 1545ms (next.js: 131ms, application-code: 1414ms)
 GET /admin/access-control 200 in 1860ms (next.js: 43ms, application-code: 1817ms)
 GET /admin/access-control 200 in 1861ms (next.js: 9ms, application-code: 1852ms)
 GET /admin/access-control 200 in 1860ms (next.js: 80ms, application-code: 1780ms)
 GET /admin/access-control 200 in 1861ms (next.js: 150ms, application-code: 1710ms)
 GET /admin/access-control 200 in 1863ms (next.js: 112ms, application-code: 1751ms)
 GET /admin/access-control 200 in 1184ms (next.js: 919ms, application-code: 266ms)
 GET /admin/access-control 200 in 1567ms (next.js: 8ms, application-code: 1560ms)
 GET /admin/access-control 200 in 1568ms (next.js: 69ms, application-code: 1499ms)
 GET /admin/access-control 200 in 1569ms (next.js: 99ms, application-code: 1470ms)
 GET /admin/access-control 200 in 1571ms (next.js: 36ms, application-code: 1535ms)
 GET /admin/access-control 200 in 1447ms (next.js: 701ms, application-code: 746ms)
 GET /admin/access-control 200 in 1448ms (next.js: 672ms, application-code: 776ms)
 GET /admin/access-control 200 in 1502ms (next.js: 9ms, application-code: 1493ms)
 GET /admin/access-control 200 in 1503ms (next.js: 42ms, application-code: 1460ms)
 GET /admin/access-control 200 in 1503ms (next.js: 81ms, application-code: 1421ms)
 GET /admin/access-control 200 in 1503ms (next.js: 141ms, application-code: 1362ms)
 GET /admin/access-control 200 in 1504ms (next.js: 111ms, application-code: 1393ms)
 GET /admin/access-control 200 in 1432ms (next.js: 528ms, application-code: 904ms)
 GET /admin/access-control 200 in 1469ms (next.js: 9ms, application-code: 1460ms)
 GET /admin/access-control 200 in 1470ms (next.js: 66ms, application-code: 1404ms)
 GET /admin/access-control 200 in 1470ms (next.js: 99ms, application-code: 1371ms)
 GET /admin/access-control 200 in 1472ms (next.js: 38ms, application-code: 1434ms)
 GET /admin/access-control 200 in 1472ms (next.js: 127ms, application-code: 1345ms)
 GET /admin/access-control 200 in 674ms (next.js: 424ms, application-code: 249ms)
 GET /admin/access-control 200 in 1628ms (next.js: 8ms, application-code: 1620ms)
 GET /admin/access-control 200 in 1628ms (next.js: 38ms, application-code: 1590ms)
 GET /admin/access-control 200 in 1628ms (next.js: 96ms, application-code: 1532ms)
 GET /admin/access-control 200 in 1629ms (next.js: 67ms, application-code: 1562ms)
 GET /admin/access-control 200 in 1512ms (next.js: 527ms, application-code: 985ms)
 GET /admin/access-control 200 in 1000ms (next.js: 594ms, application-code: 406ms)
 GET /admin/access-control 200 in 1548ms (next.js: 8ms, application-code: 1540ms)
 GET /admin/access-control 200 in 1549ms (next.js: 44ms, application-code: 1505ms)
 GET /admin/access-control 200 in 1549ms (next.js: 100ms, application-code: 1449ms)
 GET /admin/access-control 200 in 1516ms (next.js: 357ms, application-code: 1159ms)
 GET /admin/access-control 200 in 1551ms (next.js: 72ms, application-code: 1479ms)
 GET /admin/access-control 200 in 590ms (next.js: 20ms, application-code: 571ms)
 GET /admin/access-control 200 in 1440ms (next.js: 7ms, application-code: 1433ms)
 GET /admin/access-control 200 in 1440ms (next.js: 39ms, application-code: 1401ms)
 GET /admin/access-control 200 in 1440ms (next.js: 65ms, application-code: 1376ms)
 GET /admin/access-control 200 in 1442ms (next.js: 91ms, application-code: 1350ms)
 GET /admin/access-control 200 in 1411ms (next.js: 311ms, application-code: 1100ms)
 GET /admin/access-control 200 in 1340ms (next.js: 6ms, application-code: 1334ms)
 GET /admin/access-control 200 in 1454ms (next.js: 35ms, application-code: 1418ms)
 GET /admin/access-control 200 in 1455ms (next.js: 7ms, application-code: 1448ms)
 GET /admin/access-control 200 in 1395ms (next.js: 424ms, application-code: 971ms)
 GET /admin/access-control 200 in 1395ms (next.js: 452ms, application-code: 943ms)
 GET /admin/access-control 200 in 979ms (next.js: 79ms, application-code: 899ms)
 GET /admin/access-control 200 in 1663ms (next.js: 7ms, application-code: 1656ms)
 GET /admin/access-control 200 in 1655ms (next.js: 9ms, application-code: 1646ms)
 GET /admin/access-control 200 in 1655ms (next.js: 39ms, application-code: 1616ms)
 GET /admin/access-control 200 in 1390ms (next.js: 275ms, application-code: 1115ms)
 GET /admin/access-control 200 in 1390ms (next.js: 354ms, application-code: 1036ms)
 GET /admin/access-control 200 in 1391ms (next.js: 316ms, application-code: 1075ms)
 GET /admin/access-control 200 in 1540ms (next.js: 8ms, application-code: 1533ms)
 GET /admin/access-control 200 in 1544ms (next.js: 7ms, application-code: 1537ms)
 GET /admin/access-control 200 in 1512ms (next.js: 260ms, application-code: 1252ms)
 GET /admin/access-control 200 in 1274ms (next.js: 66ms, application-code: 1208ms)
 GET /admin/access-control 200 in 1275ms (next.js: 104ms, application-code: 1171ms)
 GET /admin/access-control 200 in 1184ms (next.js: 377ms, application-code: 808ms)
 GET /admin/access-control 200 in 1469ms (next.js: 7ms, application-code: 1462ms)
 GET /admin/access-control 200 in 1474ms (next.js: 8ms, application-code: 1465ms)
 GET /admin/access-control 200 in 1440ms (next.js: 253ms, application-code: 1188ms)
 GET /admin/access-control 200 in 1473ms (next.js: 40ms, application-code: 1434ms)
 GET /admin/access-control 200 in 1442ms (next.js: 280ms, application-code: 1162ms)
 GET /admin/access-control 200 in 854ms (next.js: 328ms, application-code: 526ms)
 GET /admin/access-control 200 in 1468ms (next.js: 7ms, application-code: 1460ms)
 GET /admin/access-control 200 in 1666ms (next.js: 8ms, application-code: 1658ms)
 GET /admin/access-control 200 in 1665ms (next.js: 68ms, application-code: 1597ms)
 GET /admin/access-control 200 in 1667ms (next.js: 39ms, application-code: 1628ms)
 GET /admin/access-control 200 in 1637ms (next.js: 168ms, application-code: 1469ms)
 GET /admin/access-control 200 in 803ms (next.js: 6ms, application-code: 797ms)
 GET /admin/access-control 200 in 1731ms (next.js: 10ms, application-code: 1721ms)
 GET /admin/access-control 200 in 1536ms (next.js: 10ms, application-code: 1526ms)
 GET /admin/access-control 200 in 1535ms (next.js: 79ms, application-code: 1456ms)
 GET /admin/access-control 200 in 1536ms (next.js: 43ms, application-code: 1494ms)
 GET /admin/access-control 200 in 1435ms (next.js: 549ms, application-code: 887ms)
 GET /admin/access-control 200 in 814ms (next.js: 8ms, application-code: 806ms)
 GET /admin/access-control 200 in 1487ms (next.js: 6ms, application-code: 1481ms)
 GET /admin/access-control 200 in 1477ms (next.js: 7ms, application-code: 1470ms)
 GET /admin/access-control 200 in 1478ms (next.js: 39ms, application-code: 1439ms)
 GET /admin/access-control 200 in 1478ms (next.js: 66ms, application-code: 1412ms)
 GET /admin/access-control 200 in 1180ms (next.js: 446ms, application-code: 733ms)
 GET /admin/access-control 200 in 738ms (next.js: 6ms, application-code: 731ms)
 GET /admin/access-control 200 in 1441ms (next.js: 7ms, application-code: 1434ms)
 GET /admin/access-control 200 in 1453ms (next.js: 7ms, application-code: 1446ms)
 GET /admin/access-control 200 in 1207ms (next.js: 67ms, application-code: 1140ms)
 GET /admin/access-control 200 in 1423ms (next.js: 222ms, application-code: 1201ms)
 GET /admin/access-control 200 in 1423ms (next.js: 249ms, application-code: 1175ms)
 GET /admin/access-control 200 in 538ms (next.js: 8ms, application-code: 530ms)
 GET /admin/access-control 200 in 2.1s (next.js: 8ms, application-code: 2.0s)
 GET /admin/access-control 200 in 2.0s (next.js: 8ms, application-code: 2.0s)
 GET /admin/access-control 200 in 2.0s (next.js: 68ms, application-code: 1973ms)
 GET /admin/access-control 200 in 2.0s (next.js: 39ms, application-code: 2.0s)
 GET /admin/access-control 200 in 2.0s (next.js: 320ms, application-code: 1691ms)
 GET /admin/access-control 200 in 549ms (next.js: 9ms, application-code: 540ms)
 GET /admin/access-control 200 in 1453ms (next.js: 8ms, application-code: 1445ms)
 GET /admin/access-control 200 in 1455ms (next.js: 40ms, application-code: 1416ms)
 GET /admin/access-control 200 in 1457ms (next.js: 7ms, application-code: 1450ms)
 GET /admin/access-control 200 in 1457ms (next.js: 66ms, application-code: 1391ms)
 GET /admin/access-control 200 in 1425ms (next.js: 280ms, application-code: 1146ms)
 GET /admin/access-control 200 in 1248ms (next.js: 7ms, application-code: 1241ms)
 GET /admin/access-control 200 in 1458ms (next.js: 8ms, application-code: 1450ms)
 GET /admin/access-control 200 in 1497ms (next.js: 7ms, application-code: 1491ms)
 GET /admin/access-control 200 in 1498ms (next.js: 34ms, application-code: 1464ms)
 GET /admin/access-control 200 in 1499ms (next.js: 63ms, application-code: 1436ms)
 GET /admin/access-control 200 in 1474ms (next.js: 169ms, application-code: 1304ms)
 GET /admin/access-control 200 in 1329ms (next.js: 7ms, application-code: 1322ms)
 GET /admin/access-control 200 in 1533ms (next.js: 7ms, application-code: 1526ms)
 GET /admin/access-control 200 in 1277ms (next.js: 12ms, application-code: 1265ms)
 GET /admin/access-control 200 in 1490ms (next.js: 49ms, application-code: 1441ms)
 GET /admin/access-control 200 in 1490ms (next.js: 79ms, application-code: 1411ms)
 GET /admin/access-control 200 in 1177ms (next.js: 427ms, application-code: 749ms)
 GET /admin/access-control 200 in 1454ms (next.js: 8ms, application-code: 1446ms)
 GET /admin/access-control 200 in 1658ms (next.js: 7ms, application-code: 1651ms)
 GET /admin/access-control 200 in 1407ms (next.js: 10ms, application-code: 1397ms)
 GET /admin/access-control 200 in 1388ms (next.js: 170ms, application-code: 1218ms)
 GET /admin/access-control 200 in 1606ms (next.js: 206ms, application-code: 1400ms)
 GET /admin/access-control 200 in 1098ms (next.js: 334ms, application-code: 764ms)
 GET /admin/access-control 200 in 1245ms (next.js: 7ms, application-code: 1238ms)
 GET /admin/access-control 200 in 1460ms (next.js: 8ms, application-code: 1452ms)
 GET /admin/access-control 200 in 1211ms (next.js: 8ms, application-code: 1203ms)
 GET /admin/access-control 200 in 1211ms (next.js: 41ms, application-code: 1169ms)
 GET /admin/access-control 200 in 1187ms (next.js: 231ms, application-code: 956ms)
 GET /admin/access-control 200 in 899ms (next.js: 112ms, application-code: 787ms)
 GET /admin/access-control 200 in 1232ms (next.js: 8ms, application-code: 1224ms)
 GET /admin/access-control 200 in 1457ms (next.js: 9ms, application-code: 1449ms)
 GET /admin/access-control 200 in 1211ms (next.js: 33ms, application-code: 1177ms)
 GET /admin/access-control 200 in 1212ms (next.js: 7ms, application-code: 1205ms)
 GET /admin/access-control 200 in 970ms (next.js: 7ms, application-code: 963ms)
 GET /admin/access-control 200 in 1411ms (next.js: 207ms, application-code: 1204ms)
 GET /admin/access-control 200 in 1231ms (next.js: 6ms, application-code: 1225ms)
 GET /admin/access-control 200 in 1634ms (next.js: 7ms, application-code: 1627ms)
 GET /admin/access-control 200 in 1404ms (next.js: 8ms, application-code: 1396ms)
 GET /admin/access-control 200 in 1404ms (next.js: 37ms, application-code: 1367ms)
 GET /admin/access-control 200 in 1182ms (next.js: 9ms, application-code: 1173ms)
 GET /admin/access-control 200 in 1238ms (next.js: 8ms, application-code: 1230ms)
 GET /admin/access-control 200 in 1679ms (next.js: 20ms, application-code: 1659ms)
 GET /admin/access-control 200 in 1477ms (next.js: 11ms, application-code: 1465ms)
 GET /admin/access-control 200 in 1227ms (next.js: 9ms, application-code: 1218ms)
 GET /admin/access-control 200 in 1197ms (next.js: 125ms, application-code: 1072ms)
 GET /admin/access-control 200 in 932ms (next.js: 210ms, application-code: 722ms)
 GET /admin/access-control 200 in 1066ms (next.js: 114ms, application-code: 951ms)
 GET /admin/access-control 200 in 1456ms (next.js: 7ms, application-code: 1449ms)
 GET /admin/access-control 200 in 1441ms (next.js: 8ms, application-code: 1434ms)
 GET /admin/access-control 200 in 1410ms (next.js: 205ms, application-code: 1204ms)
 GET /admin/access-control 200 in 1078ms (next.js: 115ms, application-code: 963ms)
 GET /admin/access-control 200 in 1078ms (next.js: 143ms, application-code: 935ms)
 GET /admin/access-control 200 in 956ms (next.js: 7ms, application-code: 949ms)
 GET /admin/access-control 200 in 1427ms (next.js: 7ms, application-code: 1420ms)
 GET /admin/access-control 200 in 1432ms (next.js: 8ms, application-code: 1424ms)
 GET /admin/access-control 200 in 1432ms (next.js: 39ms, application-code: 1393ms)
 GET /admin/access-control 200 in 964ms (next.js: 7ms, application-code: 957ms)
 GET /admin/access-control 200 in 965ms (next.js: 35ms, application-code: 930ms)
 GET /admin/access-control 200 in 1015ms (next.js: 6ms, application-code: 1009ms)
 GET /admin/access-control 200 in 1680ms (next.js: 7ms, application-code: 1673ms)
 GET /admin/access-control 200 in 1695ms (next.js: 40ms, application-code: 1656ms)
 GET /admin/access-control 200 in 1697ms (next.js: 7ms, application-code: 1690ms)
 GET /admin/access-control 200 in 1413ms (next.js: 215ms, application-code: 1197ms)
 GET /admin/access-control 200 in 1205ms (next.js: 41ms, application-code: 1165ms)
 GET /admin/access-control 200 in 1216ms (next.js: 8ms, application-code: 1208ms)
 GET /admin/access-control 200 in 1470ms (next.js: 6ms, application-code: 1465ms)
 GET /admin/access-control 200 in 1461ms (next.js: 8ms, application-code: 1453ms)
 GET /admin/access-control 200 in 1459ms (next.js: 39ms, application-code: 1420ms)
 GET /admin/access-control 200 in 1085ms (next.js: 147ms, application-code: 938ms)
 GET /admin/access-control 200 in 1086ms (next.js: 120ms, application-code: 966ms)
 GET /admin/access-control 200 in 1432ms (next.js: 7ms, application-code: 1426ms)
 GET /admin/access-control 200 in 1439ms (next.js: 6ms, application-code: 1433ms)
 GET /admin/access-control 200 in 1193ms (next.js: 8ms, application-code: 1185ms)
 GET /admin/access-control 200 in 1429ms (next.js: 38ms, application-code: 1391ms)
 GET /admin/access-control 200 in 989ms (next.js: 6ms, application-code: 983ms)
 GET /admin/access-control 200 in 990ms (next.js: 34ms, application-code: 956ms)
 GET /admin/access-control 200 in 1449ms (next.js: 7ms, application-code: 1442ms)
 GET /admin/access-control 200 in 1456ms (next.js: 7ms, application-code: 1449ms)
 GET /admin/access-control 200 in 1250ms (next.js: 8ms, application-code: 1242ms)
 GET /admin/access-control 200 in 1415ms (next.js: 224ms, application-code: 1191ms)
 GET /admin/access-control 200 in 965ms (next.js: 6ms, application-code: 958ms)
 GET /admin/access-control 200 in 965ms (next.js: 34ms, application-code: 931ms)
 GET /admin/access-control 200 in 1654ms (next.js: 8ms, application-code: 1646ms)
 GET /admin/access-control 200 in 1439ms (next.js: 6ms, application-code: 1434ms)
 GET /admin/access-control 200 in 1416ms (next.js: 7ms, application-code: 1408ms)
 GET /admin/access-control 200 in 1631ms (next.js: 215ms, application-code: 1416ms)
 GET /admin/access-control 200 in 1394ms (next.js: 206ms, application-code: 1188ms)
 GET /admin/access-control 200 in 1423ms (next.js: 233ms, application-code: 1190ms)
 GET /admin/access-control 200 in 1448ms (next.js: 7ms, application-code: 1441ms)
 GET /admin/access-control 200 in 1469ms (next.js: 7ms, application-code: 1462ms)
 GET /admin/access-control 200 in 1222ms (next.js: 7ms, application-code: 1215ms)
 GET /admin/access-control 200 in 1126ms (next.js: 114ms, application-code: 1012ms)
 GET /admin/access-control 200 in 1215ms (next.js: 38ms, application-code: 1178ms)
 GET /admin/access-control 200 in 1213ms (next.js: 248ms, application-code: 965ms)
 GET /admin/access-control 200 in 1444ms (next.js: 7ms, application-code: 1438ms)
 GET /admin/access-control 200 in 1431ms (next.js: 7ms, application-code: 1424ms)
 GET /admin/access-control 200 in 1204ms (next.js: 7ms, application-code: 1197ms)
 GET /admin/access-control 200 in 1067ms (next.js: 116ms, application-code: 951ms)
 GET /admin/access-control 200 in 989ms (next.js: 37ms, application-code: 953ms)
 GET /admin/access-control 200 in 1176ms (next.js: 235ms, application-code: 941ms)
 GET /admin/access-control 200 in 1481ms (next.js: 6ms, application-code: 1475ms)
 GET /admin/access-control 200 in 1479ms (next.js: 8ms, application-code: 1472ms)
 GET /admin/access-control 200 in 1241ms (next.js: 19ms, application-code: 1223ms)
 GET /admin/access-control 200 in 1229ms (next.js: 35ms, application-code: 1194ms)
 GET /admin/access-control 200 in 1202ms (next.js: 247ms, application-code: 955ms)
 GET /admin/access-control 200 in 842ms (next.js: 116ms, application-code: 725ms)
 GET /admin/access-control 200 in 1660ms (next.js: 6ms, application-code: 1654ms)
 GET /admin/access-control 200 in 1652ms (next.js: 8ms, application-code: 1644ms)
 GET /admin/access-control 200 in 1422ms (next.js: 40ms, application-code: 1382ms)
 GET /admin/access-control 200 in 1623ms (next.js: 207ms, application-code: 1416ms)
 GET /admin/access-control 200 in 1392ms (next.js: 249ms, application-code: 1143ms)
 GET /admin/access-control 200 in 1160ms (next.js: 358ms, application-code: 802ms)
 GET /admin/access-control 200 in 1470ms (next.js: 12ms, application-code: 1458ms)
 GET /admin/access-control 200 in 1463ms (next.js: 8ms, application-code: 1455ms)
 GET /admin/access-control 200 in 1431ms (next.js: 250ms, application-code: 1182ms)
 GET /admin/access-control 200 in 1433ms (next.js: 209ms, application-code: 1224ms)
 GET /admin/access-control 200 in 942ms (next.js: 231ms, application-code: 711ms)
 GET /admin/access-control 200 in 1208ms (next.js: 209ms, application-code: 999ms)
 GET /admin/access-control 200 in 1455ms (next.js: 8ms, application-code: 1447ms)
 GET /admin/access-control 200 in 1220ms (next.js: 8ms, application-code: 1212ms)
 GET /admin/access-control 200 in 1219ms (next.js: 66ms, application-code: 1153ms)
 GET /admin/access-control 200 in 1221ms (next.js: 35ms, application-code: 1186ms)
 GET /admin/access-control 200 in 955ms (next.js: 228ms, application-code: 727ms)
 GET /admin/access-control 200 in 1204ms (next.js: 18ms, application-code: 1185ms)
 GET /admin/access-control 200 in 1434ms (next.js: 8ms, application-code: 1426ms)
 GET /admin/access-control 200 in 1177ms (next.js: 7ms, application-code: 1170ms)
 GET /admin/access-control 200 in 1177ms (next.js: 37ms, application-code: 1140ms)
 GET /admin/access-control 200 in 1178ms (next.js: 65ms, application-code: 1113ms)
 GET /admin/access-control 200 in 1130ms (next.js: 412ms, application-code: 717ms)
 GET /admin/access-control 200 in 798ms (next.js: 6ms, application-code: 792ms)
 GET /admin/access-control 200 in 1680ms (next.js: 8ms, application-code: 1673ms)
 GET /admin/access-control 200 in 1433ms (next.js: 7ms, application-code: 1427ms)
 GET /admin/access-control 200 in 1404ms (next.js: 144ms, application-code: 1260ms)
 GET /admin/access-control 200 in 1405ms (next.js: 117ms, application-code: 1288ms)
 GET /admin/access-control 200 in 1116ms (next.js: 628ms, application-code: 488ms)
 GET /admin/access-control 200 in 737ms (next.js: 7ms, application-code: 730ms)
 GET /admin/access-control 200 in 1450ms (next.js: 8ms, application-code: 1442ms)
 GET /admin/access-control 200 in 1450ms (next.js: 38ms, application-code: 1412ms)
 GET /admin/access-control 200 in 970ms (next.js: 67ms, application-code: 903ms)
 GET /admin/access-control 200 in 972ms (next.js: 39ms, application-code: 933ms)
 GET /admin/access-control 200 in 973ms (next.js: 8ms, application-code: 964ms)
 GET /admin/access-control 200 in 1011ms (next.js: 531ms, application-code: 479ms)
 GET /admin/access-control 200 in 1618ms (next.js: 8ms, application-code: 1610ms)
 GET /admin/access-control 200 in 1593ms (next.js: 231ms, application-code: 1362ms)
 GET /admin/access-control 200 in 1338ms (next.js: 299ms, application-code: 1039ms)
 GET /admin/access-control 200 in 1339ms (next.js: 271ms, application-code: 1068ms)
 GET /admin/access-control 200 in 1341ms (next.js: 237ms, application-code: 1104ms)
 GET /admin/access-control 200 in 1278ms (next.js: 677ms, application-code: 600ms)
 GET /admin/access-control 200 in 1587ms (next.js: 10ms, application-code: 1577ms)
 GET /admin/access-control 200 in 1547ms (next.js: 247ms, application-code: 1300ms)
 GET /admin/access-control 200 in 1308ms (next.js: 37ms, application-code: 1271ms)
 GET /admin/access-control 200 in 1308ms (next.js: 65ms, application-code: 1244ms)
 GET /admin/access-control 200 in 1310ms (next.js: 91ms, application-code: 1218ms)
 GET /admin/access-control 200 in 317ms (next.js: 8ms, application-code: 309ms)
 GET /admin/access-control 200 in 1729ms (next.js: 8ms, application-code: 1721ms)
 GET /admin/access-control 200 in 1694ms (next.js: 221ms, application-code: 1473ms)
 GET /admin/access-control 200 in 1693ms (next.js: 249ms, application-code: 1444ms)
 GET /admin/access-control 200 in 1481ms (next.js: 94ms, application-code: 1387ms)
 GET /admin/access-control 200 in 1482ms (next.js: 139ms, application-code: 1343ms)
 GET /admin/access-control 200 in 952ms (next.js: 435ms, application-code: 517ms)
 GET /admin/access-control 200 in 1458ms (next.js: 8ms, application-code: 1451ms)
 GET /admin/access-control 200 in 1458ms (next.js: 38ms, application-code: 1420ms)
 GET /admin/access-control 200 in 1185ms (next.js: 255ms, application-code: 931ms)
 GET /admin/access-control 200 in 1186ms (next.js: 282ms, application-code: 904ms)
 GET /admin/access-control 200 in 1188ms (next.js: 226ms, application-code: 962ms)
 GET /admin/access-control 200 in 516ms (next.js: 6ms, application-code: 510ms)
 GET /admin/access-control 200 in 1437ms (next.js: 8ms, application-code: 1429ms)
 GET /admin/access-control 200 in 1437ms (next.js: 37ms, application-code: 1400ms)
 GET /admin/access-control 200 in 1407ms (next.js: 239ms, application-code: 1167ms)
 GET /admin/access-control 200 in 1407ms (next.js: 277ms, application-code: 1130ms)
 GET /admin/access-control 200 in 1175ms (next.js: 280ms, application-code: 896ms)
 GET /admin/access-control 200 in 304ms (next.js: 7ms, application-code: 296ms)
 GET /admin/access-control 200 in 1817ms (next.js: 35ms, application-code: 1782ms)
 GET /admin/access-control 200 in 1818ms (next.js: 7ms, application-code: 1812ms)
 GET /admin/access-control 200 in 1819ms (next.js: 70ms, application-code: 1749ms)
 GET /admin/access-control 200 in 1757ms (next.js: 462ms, application-code: 1295ms)
 GET /admin/access-control 200 in 1758ms (next.js: 490ms, application-code: 1267ms)
 GET /admin/access-control 200 in 1510ms (next.js: 21ms, application-code: 1490ms)
 GET /admin/access-control 200 in 1499ms (next.js: 7ms, application-code: 1491ms)
 GET /admin/access-control 200 in 1499ms (next.js: 35ms, application-code: 1464ms)
 GET /admin/access-control 200 in 1440ms (next.js: 426ms, application-code: 1015ms)
 GET /admin/access-control 200 in 1023ms (next.js: 41ms, application-code: 982ms)
 GET /admin/access-control 200 in 1065ms (next.js: 68ms, application-code: 997ms)
 GET /admin/access-control 200 in 1212ms (next.js: 7ms, application-code: 1205ms)
 GET /admin/access-control 200 in 1468ms (next.js: 10ms, application-code: 1458ms)
 GET /admin/access-control 200 in 1467ms (next.js: 51ms, application-code: 1416ms)
 GET /admin/access-control 200 in 1178ms (next.js: 210ms, application-code: 968ms)
 GET /admin/access-control 200 in 1179ms (next.js: 239ms, application-code: 940ms)
 GET /admin/access-control 200 in 1184ms (next.js: 421ms, application-code: 763ms)
 GET /admin/access-control 200 in 1219ms (next.js: 8ms, application-code: 1212ms)
 GET /admin/access-control 200 in 1447ms (next.js: 10ms, application-code: 1437ms)
 GET /admin/access-control 200 in 1447ms (next.js: 40ms, application-code: 1406ms)
 GET /admin/access-control 200 in 1178ms (next.js: 225ms, application-code: 953ms)
 GET /admin/access-control 200 in 960ms (next.js: 36ms, application-code: 925ms)
 GET /admin/access-control 200 in 936ms (next.js: 217ms, application-code: 719ms)
 GET /admin/access-control 200 in 1614ms (next.js: 7ms, application-code: 1606ms)
 GET /admin/access-control 200 in 1822ms (next.js: 9ms, application-code: 1813ms)
 GET /admin/access-control 200 in 1583ms (next.js: 9ms, application-code: 1574ms)
 GET /admin/access-control 200 in 1582ms (next.js: 38ms, application-code: 1544ms)
 GET /admin/access-control 200 in 1584ms (next.js: 64ms, application-code: 1519ms)
 GET /admin/access-control 200 in 1199ms (next.js: 660ms, application-code: 540ms)
 GET /admin/access-control 200 in 1468ms (next.js: 6ms, application-code: 1462ms)
 GET /admin/access-control 200 in 1457ms (next.js: 8ms, application-code: 1449ms)
 GET /admin/access-control 200 in 1457ms (next.js: 38ms, application-code: 1418ms)
 GET /admin/access-control 200 in 1427ms (next.js: 238ms, application-code: 1189ms)
 GET /admin/access-control 200 in 856ms (next.js: 117ms, application-code: 740ms)
 GET /admin/access-control 200 in 779ms (next.js: 36ms, application-code: 743ms)
 GET /admin/access-control 200 in 1430ms (next.js: 7ms, application-code: 1423ms)
 GET /admin/access-control 200 in 1437ms (next.js: 8ms, application-code: 1429ms)
 GET /admin/access-control 200 in 1436ms (next.js: 40ms, application-code: 1397ms)
 GET /admin/access-control 200 in 1407ms (next.js: 250ms, application-code: 1157ms)
 GET /admin/access-control 200 in 1164ms (next.js: 236ms, application-code: 928ms)
 GET /admin/access-control 200 in 721ms (next.js: 206ms, application-code: 515ms)
 GET /admin/access-control 200 in 1467ms (next.js: 22ms, application-code: 1445ms)
 GET /admin/access-control 200 in 1460ms (next.js: 8ms, application-code: 1452ms)
 GET /admin/access-control 200 in 1469ms (next.js: 36ms, application-code: 1433ms)
 GET /admin/access-control 200 in 1297ms (next.js: 343ms, application-code: 954ms)
 GET /admin/access-control 200 in 1299ms (next.js: 316ms, application-code: 983ms)
 GET /admin/access-control 200 in 1023ms (next.js: 416ms, application-code: 607ms)
 GET /admin/access-control 200 in 1747ms (next.js: 7ms, application-code: 1740ms)
 GET /admin/access-control 200 in 1763ms (next.js: 12ms, application-code: 1751ms)
 GET /admin/access-control 200 in 1297ms (next.js: 47ms, application-code: 1249ms)
 GET /admin/access-control 200 in 1657ms (next.js: 369ms, application-code: 1288ms)
 GET /admin/access-control 200 in 1298ms (next.js: 75ms, application-code: 1223ms)
 GET /admin/access-control 200 in 1021ms (next.js: 437ms, application-code: 584ms)
 GET /admin/access-control 200 in 1486ms (next.js: 8ms, application-code: 1479ms)
 GET /admin/access-control 200 in 1244ms (next.js: 8ms, application-code: 1236ms)
 GET /admin/access-control 200 in 1449ms (next.js: 41ms, application-code: 1408ms)
 GET /admin/access-control 200 in 1433ms (next.js: 263ms, application-code: 1170ms)
 GET /admin/access-control 200 in 1179ms (next.js: 240ms, application-code: 939ms)
 GET /admin/access-control 200 in 737ms (next.js: 205ms, application-code: 532ms)
 GET /admin/access-control 200 in 1445ms (next.js: 6ms, application-code: 1439ms)
 GET /admin/access-control 200 in 1195ms (next.js: 9ms, application-code: 1186ms)
 GET /admin/access-control 200 in 1194ms (next.js: 38ms, application-code: 1156ms)
 GET /admin/access-control 200 in 955ms (next.js: 222ms, application-code: 733ms)
 GET /admin/access-control 200 in 984ms (next.js: 38ms, application-code: 946ms)
 GET /admin/access-control 200 in 1224ms (next.js: 241ms, application-code: 984ms)
 GET /admin/access-control 200 in 1510ms (next.js: 8ms, application-code: 1502ms)
 GET /admin/access-control 200 in 1267ms (next.js: 7ms, application-code: 1260ms)
 GET /admin/access-control 200 in 1268ms (next.js: 38ms, application-code: 1230ms)
 GET /admin/access-control 200 in 1239ms (next.js: 236ms, application-code: 1003ms)
 GET /admin/access-control 200 in 1025ms (next.js: 7ms, application-code: 1018ms)
 GET /admin/access-control 200 in 1490ms (next.js: 37ms, application-code: 1453ms)
 GET /admin/access-control 200 in 1660ms (next.js: 11ms, application-code: 1649ms)
 GET /admin/access-control 200 in 1250ms (next.js: 8ms, application-code: 1242ms)
 GET /admin/access-control 200 in 1250ms (next.js: 35ms, application-code: 1216ms)
 GET /admin/access-control 200 in 1484ms (next.js: 74ms, application-code: 1410ms)
 GET /admin/access-control 200 in 785ms (next.js: 8ms, application-code: 777ms)
 GET /admin/access-control 200 in 1170ms (next.js: 214ms, application-code: 956ms)
 GET /admin/access-control 200 in 1428ms (next.js: 8ms, application-code: 1421ms)
 GET /admin/access-control 200 in 1398ms (next.js: 235ms, application-code: 1162ms)
 GET /admin/access-control 200 in 1399ms (next.js: 207ms, application-code: 1192ms)
 GET /admin/access-control 200 in 988ms (next.js: 9ms, application-code: 978ms)
 GET /admin/access-control 200 in 1427ms (next.js: 216ms, application-code: 1211ms)
 GET /admin/access-control 200 in 1190ms (next.js: 205ms, application-code: 986ms)
 GET /admin/access-control 200 in 1475ms (next.js: 9ms, application-code: 1466ms)
 GET /admin/access-control 200 in 1442ms (next.js: 210ms, application-code: 1232ms)
 GET /admin/access-control 200 in 1443ms (next.js: 239ms, application-code: 1204ms)
 GET /admin/access-control 200 in 986ms (next.js: 8ms, application-code: 979ms)
 GET /admin/access-control 200 in 1209ms (next.js: 116ms, application-code: 1094ms)
 GET /admin/access-control 200 in 1212ms (next.js: 36ms, application-code: 1176ms)
 GET /admin/access-control 200 in 1850ms (next.js: 9ms, application-code: 1841ms)
 GET /admin/access-control 200 in 1605ms (next.js: 39ms, application-code: 1566ms)
 GET /admin/access-control 200 in 1816ms (next.js: 219ms, application-code: 1597ms)
 GET /admin/access-control 200 in 1158ms (next.js: 8ms, application-code: 1150ms)
 GET /admin/access-control 200 in 1612ms (next.js: 211ms, application-code: 1401ms)
 GET /admin/access-control 200 in 1598ms (next.js: 574ms, application-code: 1024ms)
 GET /admin/access-control 200 in 1446ms (next.js: 7ms, application-code: 1438ms)
 GET /admin/access-control 200 in 1415ms (next.js: 232ms, application-code: 1184ms)
 GET /admin/access-control 200 in 1415ms (next.js: 259ms, application-code: 1156ms)
 GET /admin/access-control 200 in 715ms (next.js: 7ms, application-code: 708ms)
 GET /admin/access-control 200 in 1162ms (next.js: 208ms, application-code: 953ms)
 GET /admin/access-control 200 in 1204ms (next.js: 7ms, application-code: 1197ms)
 GET /admin/access-control 200 in 1454ms (next.js: 33ms, application-code: 1421ms)
 GET /admin/access-control 200 in 1456ms (next.js: 6ms, application-code: 1450ms)
 GET /admin/access-control 200 in 1396ms (next.js: 424ms, application-code: 972ms)
 GET /admin/access-control 200 in 980ms (next.js: 50ms, application-code: 930ms)
 GET /admin/access-control 200 in 990ms (next.js: 20ms, application-code: 970ms)
 GET /admin/access-control 200 in 1199ms (next.js: 8ms, application-code: 1191ms)
 GET /admin/access-control 200 in 1422ms (next.js: 7ms, application-code: 1415ms)
 GET /admin/access-control 200 in 1422ms (next.js: 34ms, application-code: 1388ms)
 GET /admin/access-control 200 in 957ms (next.js: 7ms, application-code: 950ms)
 GET /admin/access-control 200 in 928ms (next.js: 101ms, application-code: 828ms)
 GET /admin/access-control 200 in 735ms (next.js: 7ms, application-code: 728ms)
 GET /admin/access-control 200 in 1493ms (next.js: 7ms, application-code: 1486ms)
 GET /admin/access-control 200 in 1733ms (next.js: 8ms, application-code: 1725ms)
 GET /admin/access-control 200 in 1733ms (next.js: 38ms, application-code: 1695ms)
 GET /admin/access-control 200 in 1478ms (next.js: 311ms, application-code: 1167ms)
 GET /admin/access-control 200 in 1705ms (next.js: 232ms, application-code: 1473ms)
 GET /admin/access-control 200 in 1003ms (next.js: 8ms, application-code: 995ms)
 GET /admin/access-control 200 in 1293ms (next.js: 7ms, application-code: 1287ms)
 GET /admin/access-control 200 in 1517ms (next.js: 8ms, application-code: 1510ms)
 GET /admin/access-control 200 in 1518ms (next.js: 36ms, application-code: 1481ms)
 GET /admin/access-control 200 in 1009ms (next.js: 51ms, application-code: 958ms)
 GET /admin/access-control 200 in 1132ms (next.js: 133ms, application-code: 999ms)
 GET /admin/access-control 200 in 1042ms (next.js: 8ms, application-code: 1035ms)
 GET /admin/access-control 200 in 1220ms (next.js: 7ms, application-code: 1213ms)
 GET /admin/access-control 200 in 1460ms (next.js: 7ms, application-code: 1453ms)
 GET /admin/access-control 200 in 1432ms (next.js: 130ms, application-code: 1302ms)
 GET /admin/access-control 200 in 1327ms (next.js: 194ms, application-code: 1133ms)
 GET /admin/access-control 200 in 1359ms (next.js: 166ms, application-code: 1193ms)
 GET /admin/access-control 200 in 1092ms (next.js: 7ms, application-code: 1085ms)
 GET /admin/access-control 200 in 1166ms (next.js: 218ms, application-code: 948ms)
 GET /admin/access-control 200 in 1499ms (next.js: 6ms, application-code: 1492ms)
 GET /admin/access-control 200 in 1500ms (next.js: 37ms, application-code: 1463ms)
 GET /admin/access-control 200 in 1228ms (next.js: 207ms, application-code: 1022ms)
 GET /admin/access-control 200 in 936ms (next.js: 113ms, application-code: 823ms)
 GET /admin/access-control 200 in 1355ms (next.js: 22ms, application-code: 1333ms)
 GET /admin/access-control 200 in 1450ms (next.js: 40ms, application-code: 1409ms)
 GET /admin/access-control 200 in 1648ms (next.js: 9ms, application-code: 1639ms)
 GET /admin/access-control 200 in 1230ms (next.js: 37ms, application-code: 1193ms)
 GET /admin/access-control 200 in 1606ms (next.js: 381ms, application-code: 1225ms)
 GET /admin/access-control 200 in 848ms (next.js: 116ms, application-code: 732ms)
 GET /admin/access-control 200 in 1226ms (next.js: 8ms, application-code: 1218ms)
 GET /admin/access-control 200 in 1226ms (next.js: 40ms, application-code: 1186ms)
 GET /admin/access-control 200 in 1456ms (next.js: 8ms, application-code: 1448ms)
 GET /admin/access-control 200 in 1456ms (next.js: 40ms, application-code: 1417ms)
 GET /admin/access-control 200 in 1426ms (next.js: 252ms, application-code: 1174ms)
 GET /admin/access-control 200 in 983ms (next.js: 230ms, application-code: 753ms)
 GET /admin/access-control 200 in 756ms (next.js: 7ms, application-code: 749ms)
 GET /admin/access-control 200 in 976ms (next.js: 37ms, application-code: 939ms)
 GET /admin/access-control 200 in 1449ms (next.js: 7ms, application-code: 1441ms)
 GET /admin/access-control 200 in 1414ms (next.js: 204ms, application-code: 1210ms)
 GET /admin/access-control 200 in 1186ms (next.js: 227ms, application-code: 958ms)
 GET /admin/access-control 200 in 968ms (next.js: 39ms, application-code: 929ms)
 GET /admin/access-control 200 in 876ms (next.js: 223ms, application-code: 653ms)
 GET /admin/access-control 200 in 864ms (next.js: 37ms, application-code: 827ms)
 GET /admin/access-control 200 in 1676ms (next.js: 8ms, application-code: 1668ms)
 GET /admin/access-control 200 in 1676ms (next.js: 42ms, application-code: 1634ms)
 GET /admin/access-control 200 in 1504ms (next.js: 212ms, application-code: 1292ms)
 GET /admin/access-control 200 in 1302ms (next.js: 142ms, application-code: 1160ms)
 GET /admin/access-control 200 in 968ms (next.js: 223ms, application-code: 745ms)
 GET /admin/access-control 200 in 1470ms (next.js: 189ms, application-code: 1282ms)
 GET /admin/access-control 200 in 1467ms (next.js: 8ms, application-code: 1459ms)
 GET /admin/access-control 200 in 1433ms (next.js: 221ms, application-code: 1212ms)
 GET /admin/access-control 200 in 1220ms (next.js: 54ms, application-code: 1166ms)
 GET /admin/access-control 200 in 1174ms (next.js: 244ms, application-code: 930ms)
 GET /admin/access-control 200 in 940ms (next.js: 256ms, application-code: 684ms)
 GET /admin/access-control 200 in 1021ms (next.js: 6ms, application-code: 1015ms)
 GET /admin/access-control 200 in 1449ms (next.js: 9ms, application-code: 1440ms)
 GET /admin/access-control 200 in 1449ms (next.js: 39ms, application-code: 1410ms)
 GET /admin/access-control 200 in 1385ms (next.js: 422ms, application-code: 963ms)
 GET /admin/access-control 200 in 970ms (next.js: 48ms, application-code: 922ms)
 GET /admin/access-control 200 in 971ms (next.js: 75ms, application-code: 895ms)
 GET /admin/access-control 200 in 1455ms (next.js: 6ms, application-code: 1449ms)
 GET /admin/access-control 200 in 1442ms (next.js: 38ms, application-code: 1404ms)
 GET /admin/access-control 200 in 1444ms (next.js: 8ms, application-code: 1436ms)
 GET /admin/access-control 200 in 1076ms (next.js: 142ms, application-code: 934ms)
 GET /admin/access-control 200 in 1077ms (next.js: 115ms, application-code: 962ms)
 GET /admin/access-control 200 in 1000ms (next.js: 69ms, application-code: 931ms)
 GET /admin/access-control 200 in 1801ms (next.js: 6ms, application-code: 1795ms)
 GET /admin/access-control 200 in 1808ms (next.js: 8ms, application-code: 1800ms)
 GET /admin/access-control 200 in 1576ms (next.js: 20ms, application-code: 1556ms)
 GET /admin/access-control 200 in 1563ms (next.js: 40ms, application-code: 1524ms)
 GET /admin/access-control 200 in 1564ms (next.js: 67ms, application-code: 1497ms)
 GET /admin/access-control 200 in 1563ms (next.js: 268ms, application-code: 1295ms)
 GET /admin/access-control 200 in 1444ms (next.js: 6ms, application-code: 1438ms)
 GET /admin/access-control 200 in 1223ms (next.js: 8ms, application-code: 1215ms)
 GET /admin/access-control 200 in 1308ms (next.js: 142ms, application-code: 1166ms)
 GET /admin/access-control 200 in 1201ms (next.js: 69ms, application-code: 1132ms)
 GET /admin/access-control 200 in 1310ms (next.js: 115ms, application-code: 1195ms)
 GET /admin/access-control 200 in 1351ms (next.js: 527ms, application-code: 825ms)
 GET /admin/access-control 200 in 1460ms (next.js: 7ms, application-code: 1452ms)
 GET /admin/access-control 200 in 1214ms (next.js: 7ms, application-code: 1207ms)
 GET /admin/access-control 200 in 1320ms (next.js: 138ms, application-code: 1182ms)
 GET /admin/access-control 200 in 1321ms (next.js: 169ms, application-code: 1152ms)
 GET /admin/access-control 200 in 1323ms (next.js: 111ms, application-code: 1212ms)
 GET /admin/access-control 200 in 1538ms (next.js: 7ms, application-code: 1531ms)
 GET /admin/access-control 200 in 1533ms (next.js: 6ms, application-code: 1527ms)
 GET /admin/access-control 200 in 1291ms (next.js: 11ms, application-code: 1280ms)
 GET /admin/access-control 200 in 1377ms (next.js: 172ms, application-code: 1204ms)
 GET /admin/access-control 200 in 1379ms (next.js: 135ms, application-code: 1244ms)
 GET /admin/access-control 200 in 1301ms (next.js: 84ms, application-code: 1217ms)
 GET /admin/access-control 200 in 1481ms (next.js: 6ms, application-code: 1475ms)
 GET /admin/access-control 200 in 1718ms (next.js: 6ms, application-code: 1712ms)
 GET /admin/access-control 200 in 1484ms (next.js: 24ms, application-code: 1460ms)
 GET /admin/access-control 200 in 1152ms (next.js: 11ms, application-code: 1141ms)
 GET /admin/access-control 200 in 1152ms (next.js: 159ms, application-code: 993ms)
 GET /admin/access-control 200 in 1168ms (next.js: 338ms, application-code: 831ms)
 GET /admin/access-control 200 in 1447ms (next.js: 6ms, application-code: 1441ms)
 GET /admin/access-control 200 in 1440ms (next.js: 8ms, application-code: 1432ms)
 GET /admin/access-control 200 in 1206ms (next.js: 9ms, application-code: 1197ms)
 GET /admin/access-control 200 in 1297ms (next.js: 249ms, application-code: 1049ms)
 GET /admin/access-control 200 in 1404ms (next.js: 221ms, application-code: 1183ms)
 GET /admin/access-control 200 in 1160ms (next.js: 422ms, application-code: 738ms)
 GET /admin/access-control 200 in 1253ms (next.js: 6ms, application-code: 1247ms)
 GET /admin/access-control 200 in 1490ms (next.js: 6ms, application-code: 1484ms)
 GET /admin/access-control 200 in 1366ms (next.js: 112ms, application-code: 1255ms)
 GET /admin/access-control 200 in 1047ms (next.js: 8ms, application-code: 1039ms)
 GET /admin/access-control 200 in 1269ms (next.js: 39ms, application-code: 1231ms)
 GET /admin/access-control 200 in 1270ms (next.js: 238ms, application-code: 1033ms)
 GET /admin/access-control 200 in 1470ms (next.js: 7ms, application-code: 1462ms)
 GET /admin/access-control 200 in 1494ms (next.js: 8ms, application-code: 1485ms)
 GET /admin/access-control 200 in 1251ms (next.js: 7ms, application-code: 1243ms)
 GET /admin/access-control 200 in 1600ms (next.js: 209ms, application-code: 1391ms)
 GET /admin/access-control 200 in 1619ms (next.js: 50ms, application-code: 1569ms)
 GET /admin/access-control 200 in 1377ms (next.js: 205ms, application-code: 1171ms)
 GET /admin/access-control 200 in 1865ms (next.js: 6ms, application-code: 1860ms)
 GET /admin/access-control 200 in 1825ms (next.js: 38ms, application-code: 1787ms)
 GET /admin/access-control 200 in 1225ms (next.js: 7ms, application-code: 1218ms)
 GET /admin/access-control 200 in 1194ms (next.js: 220ms, application-code: 974ms)
 GET /admin/access-control 200 in 952ms (next.js: 114ms, application-code: 838ms)
 GET /admin/access-control 200 in 708ms (next.js: 208ms, application-code: 500ms)
 GET /admin/access-control 200 in 253ms (next.js: 6ms, application-code: 247ms)
 GET /admin/access-control 200 in 1990ms (next.js: 164ms, application-code: 1826ms)
 GET /admin/access-control 200 in 786ms (next.js: 73ms, application-code: 713ms)
 GET / 200 in 2.0s (next.js: 394ms, application-code: 1612ms)
 GET / 200 in 727ms (next.js: 47ms, application-code: 680ms)
✓ Compiled in 0ms
 GET /admin/access-control 200 in 2.8s (next.js: 172ms, application-code: 2.6s)
 GET /admin/access-control 200 in 1680ms (next.js: 680ms, application-code: 1000ms)
 GET / 200 in 3.7s (next.js: 420ms, application-code: 3.2s)
 GET / 200 in 2.5s (next.js: 433ms, application-code: 2.1s)
 GET /admin/access-control 200 in 1284ms (next.js: 7ms, application-code: 1277ms)
 GET /admin/access-control 200 in 1285ms (next.js: 39ms, application-code: 1246ms)
 GET / 200 in 1287ms (next.js: 70ms, application-code: 1217ms)
 GET / 200 in 574ms (next.js: 179ms, application-code: 395ms)
 GET /admin/access-control 200 in 2.2s (next.js: 27ms, application-code: 2.2s)
 GET /admin/access-control 200 in 1065ms (next.js: 265ms, application-code: 800ms)
 GET / 200 in 2.5s (next.js: 458ms, application-code: 2.0s)
 GET / 200 in 1991ms (next.js: 300ms, application-code: 1692ms)
 GET /admin/access-control 200 in 1806ms (next.js: 8ms, application-code: 1799ms)
 GET /admin/access-control 200 in 1775ms (next.js: 216ms, application-code: 1559ms)
 GET /admin/access-control 200 in 1566ms (next.js: 73ms, application-code: 1493ms)
 GET /admin/access-control 200 in 1569ms (next.js: 41ms, application-code: 1527ms)
 GET / 200 in 1563ms (next.js: 50ms, application-code: 1514ms)
 GET / 200 in 1566ms (next.js: 8ms, application-code: 1558ms)
 GET / 200 in 765ms (next.js: 10ms, application-code: 756ms)
 GET / 200 in 390ms (next.js: 11ms, application-code: 379ms)
✓ Compiled in 128ms
 GET /admin/access-control 200 in 1691ms (next.js: 179ms, application-code: 1512ms)
 GET /admin/access-control 200 in 784ms (next.js: 69ms, application-code: 716ms)
 GET / 200 in 2.7s (next.js: 306ms, application-code: 2.4s)
 GET / 200 in 1738ms (next.js: 57ms, application-code: 1681ms)
 GET /admin/access-control 200 in 1542ms (next.js: 8ms, application-code: 1535ms)
 GET /admin/access-control 200 in 1506ms (next.js: 230ms, application-code: 1276ms)
 GET /admin/access-control 200 in 1283ms (next.js: 39ms, application-code: 1244ms)
 GET /admin/access-control 200 in 1253ms (next.js: 262ms, application-code: 991ms)
 GET /admin/access-control 200 in 1309ms (next.js: 9ms, application-code: 1300ms)
 GET /admin/access-control 200 in 1462ms (next.js: 8ms, application-code: 1454ms)
 GET /admin/access-control 200 in 2.1s (next.js: 9ms, application-code: 2.0s)
 GET /admin/access-control 200 in 2.0s (next.js: 218ms, application-code: 1808ms)
 GET /admin/access-control 200 in 1818ms (next.js: 52ms, application-code: 1766ms)
 GET / 200 in 3.0s (next.js: 9ms, application-code: 3.0s)
 GET / 200 in 2.6s (next.js: 9ms, application-code: 2.6s)
 GET / 200 in 2.7s (next.js: 66ms, application-code: 2.7s)
 GET / 200 in 3.0s (next.js: 27ms, application-code: 2.9s)
 GET / 200 in 2.5s (next.js: 66ms, application-code: 2.5s)
 GET / 200 in 2.5s (next.js: 108ms, application-code: 2.4s)
 GET / 200 in 1198ms (next.js: 7ms, application-code: 1190ms)
 GET / 200 in 1154ms (next.js: 296ms, application-code: 858ms)
 GET / 200 in 406ms (next.js: 7ms, application-code: 400ms)
✓ Compiled in 164ms
✓ Compiled in 0ms
 GET /admin/access-control 200 in 5.1s (next.js: 336ms, application-code: 4.8s)
 GET /admin/access-control 200 in 2.8s (next.js: 517ms, application-code: 2.3s)
 GET / 200 in 7.4s (next.js: 755ms, application-code: 6.7s)
 GET / 200 in 4.5s (next.js: 868ms, application-code: 3.6s)
 GET /admin/access-control 200 in 2.7s (next.js: 13ms, application-code: 2.7s)
 GET /admin/access-control 200 in 2.8s (next.js: 18ms, application-code: 2.7s)
 GET /admin/access-control 200 in 2.2s (next.js: 15ms, application-code: 2.2s)
 GET /admin/access-control 200 in 2.2s (next.js: 70ms, application-code: 2.1s)
 GET /admin/access-control 200 in 3.9s (next.js: 14ms, application-code: 3.9s)
 GET /admin/access-control 200 in 3.4s (next.js: 11ms, application-code: 3.4s)
 GET / 200 in 4.6s (next.js: 14ms, application-code: 4.6s)
 GET / 200 in 4.6s (next.js: 92ms, application-code: 4.5s)
 GET / 200 in 3.9s (next.js: 540ms, application-code: 3.4s)
 GET / 200 in 3.4s (next.js: 333ms, application-code: 3.1s)
 GET / 200 in 1721ms (next.js: 11ms, application-code: 1710ms)
 GET / 200 in 923ms (next.js: 36ms, application-code: 886ms)
✓ Compiled in 466ms
 GET / 200 in 4.7s (next.js: 863ms, application-code: 3.8s)
 GET / 200 in 2.6s (next.js: 435ms, application-code: 2.2s)
 GET /admin/access-control 200 in 6.3s (next.js: 421ms, application-code: 5.9s)
 GET /admin/access-control 200 in 4.2s (next.js: 369ms, application-code: 3.8s)
 GET /admin/access-control 200 in 2.5s (next.js: 14ms, application-code: 2.5s)
 GET /admin/access-control 200 in 2.4s (next.js: 516ms, application-code: 1923ms)
 GET /admin/access-control 200 in 1474ms (next.js: 12ms, application-code: 1463ms)
 GET /admin/access-control 200 in 2.4s (next.js: 11ms, application-code: 2.4s)
 GET / 200 in 7.1s (next.js: 506ms, application-code: 6.6s)
 GET /admin/access-control 200 in 1937ms (next.js: 15ms, application-code: 1922ms)
 GET /admin/access-control 200 in 2.9s (next.js: 11ms, application-code: 2.9s)
 GET /admin/access-control 200 in 2.9s (next.js: 221ms, application-code: 2.6s)
 GET /admin/access-control 200 in 2.4s (next.js: 11ms, application-code: 2.4s)
 GET /admin/access-control 200 in 3.7s (next.js: 14ms, application-code: 3.7s)
 GET /admin/access-control 200 in 3.2s (next.js: 12ms, application-code: 3.2s)
 GET /admin/access-control 200 in 3.2s (next.js: 66ms, application-code: 3.1s)
 GET /admin/access-control 200 in 3.7s (next.js: 14ms, application-code: 3.7s)
 GET /admin/access-control 200 in 3.2s (next.js: 15ms, application-code: 3.2s)
 GET /admin/access-control 200 in 3.2s (next.js: 38ms, application-code: 3.1s)
 GET /admin/access-control 200 in 2.9s (next.js: 14ms, application-code: 2.8s)
 GET /admin/access-control 200 in 2.8s (next.js: 444ms, application-code: 2.4s)
 GET /admin/access-control 200 in 2.3s (next.js: 410ms, application-code: 1886ms)
 GET /admin/access-control 200 in 1845ms (next.js: 12ms, application-code: 1833ms)
 GET /admin/access-control 200 in 1787ms (next.js: 408ms, application-code: 1379ms)
 GET /admin/access-control 200 in 929ms (next.js: 15ms, application-code: 914ms)
 GET /admin/access-control 200 in 470ms (next.js: 13ms, application-code: 457ms)
✓ Compiled in 213ms
✓ Compiled in 318ms
 GET /admin/access-control 200 in 4.4s (next.js: 347ms, application-code: 4.1s)
 GET /admin/access-control 200 in 2.5s (next.js: 130ms, application-code: 2.4s)
 GET / 200 in 5.0s (next.js: 809ms, application-code: 4.2s)
 GET / 200 in 4.1s (next.js: 82ms, application-code: 4.0s)
 GET /admin/access-control 200 in 3.1s (next.js: 14ms, application-code: 3.1s)
 GET /admin/access-control 200 in 2.6s (next.js: 19ms, application-code: 2.6s)
 GET /admin/access-control 200 in 2.5s (next.js: 243ms, application-code: 2.3s)
 GET /admin/access-control 200 in 1967ms (next.js: 449ms, application-code: 1517ms)
 GET /admin/access-control 200 in 1530ms (next.js: 105ms, application-code: 1425ms)
 GET /admin/access-control 200 in 2.2s (next.js: 14ms, application-code: 2.2s)
 GET / 200 in 4.8s (next.js: 17ms, application-code: 4.8s)
 GET / 200 in 4.7s (next.js: 625ms, application-code: 4.1s)
 GET / 200 in 4.1s (next.js: 260ms, application-code: 3.9s)
 GET / 200 in 3.9s (next.js: 728ms, application-code: 3.2s)
 GET / 200 in 3.9s (next.js: 801ms, application-code: 3.1s)
 GET / 200 in 1382ms (next.js: 512ms, application-code: 871ms)
✓ Compiled in 588ms
 GET / 200 in 2.7s (next.js: 248ms, application-code: 2.5s)
 GET / 200 in 4.7s (next.js: 962ms, application-code: 3.8s)
 GET /admin/access-control 200 in 5.3s (next.js: 475ms, application-code: 4.8s)
 GET /admin/access-control 200 in 4.8s (next.js: 197ms, application-code: 4.6s)
 GET /admin/access-control 200 in 2.5s (next.js: 12ms, application-code: 2.5s)
 GET /admin/access-control 200 in 2.1s (next.js: 12ms, application-code: 2.0s)
 GET /admin/access-control 200 in 1620ms (next.js: 16ms, application-code: 1604ms)
 GET /admin/access-control 200 in 2.0s (next.js: 434ms, application-code: 1602ms)
 GET / 200 in 6.3s (next.js: 133ms, application-code: 6.2s)
 GET /admin/access-control 200 in 2.7s (next.js: 11ms, application-code: 2.7s)
 GET /admin/access-control 200 in 3.2s (next.js: 37ms, application-code: 3.1s)
 GET /admin/access-control 200 in 2.7s (next.js: 16ms, application-code: 2.6s)
 GET /admin/access-control 200 in 2.6s (next.js: 509ms, application-code: 2.1s)
 GET /admin/access-control 200 in 2.1s (next.js: 13ms, application-code: 2.1s)
 GET /admin/access-control 200 in 2.5s (next.js: 64ms, application-code: 2.5s)
 GET /admin/access-control 200 in 2.4s (next.js: 16ms, application-code: 2.4s)
 GET /admin/access-control 200 in 3.7s (next.js: 10ms, application-code: 3.7s)
 GET /admin/access-control 200 in 3.3s (next.js: 38ms, application-code: 3.2s)
 GET /admin/access-control 200 in 3.2s (next.js: 389ms, application-code: 2.9s)
 GET /admin/access-control 200 in 2.8s (next.js: 13ms, application-code: 2.8s)
 GET /admin/access-control 200 in 3.6s (next.js: 380ms, application-code: 3.2s)
 GET /admin/access-control 200 in 3.2s (next.js: 35ms, application-code: 3.2s)
 GET /admin/access-control 200 in 2.8s (next.js: 12ms, application-code: 2.8s)
 GET /admin/access-control 200 in 2.3s (next.js: 14ms, application-code: 2.3s)
 GET /admin/access-control 200 in 2.3s (next.js: 66ms, application-code: 2.3s)
 GET /admin/access-control 200 in 1893ms (next.js: 13ms, application-code: 1880ms)
 GET /admin/access-control 200 in 2.4s (next.js: 10ms, application-code: 2.4s)
 GET /admin/access-control 200 in 2.4s (next.js: 10ms, application-code: 2.4s)
 GET /admin/access-control 200 in 1909ms (next.js: 15ms, application-code: 1895ms)
 GET /admin/access-control 200 in 1440ms (next.js: 14ms, application-code: 1426ms)
 GET /admin/access-control 200 in 1438ms (next.js: 80ms, application-code: 1357ms)
 GET /admin/access-control 200 in 455ms (next.js: 15ms, application-code: 440ms)
✓ Compiled in 269ms
✓ Compiled in 393ms
 GET /admin/access-control 200 in 5.5s (next.js: 19ms, application-code: 5.5s)
 GET /admin/access-control 200 in 3.0s (next.js: 558ms, application-code: 2.4s)
 GET / 200 in 4.5s (next.js: 376ms, application-code: 4.1s)
 GET /admin/access-control 200 in 2.1s (next.js: 104ms, application-code: 1951ms)
 GET /admin/access-control 200 in 2.1s (next.js: 42ms, application-code: 2.0s)
 GET / 200 in 3.2s (next.js: 462ms, application-code: 2.8s)
 GET /admin/access-control 200 in 1962ms (next.js: 12ms, application-code: 1950ms)
 GET /admin/access-control 200 in 2.1s (next.js: 16ms, application-code: 2.1s)
 GET /admin/access-control 200 in 3.1s (next.js: 18ms, application-code: 3.0s)
 GET /admin/access-control 200 in 3.0s (next.js: 66ms, application-code: 3.0s)
 GET / 200 in 3.5s (next.js: 15ms, application-code: 3.4s)
 GET / 200 in 3.4s (next.js: 396ms, application-code: 3.0s)
 GET / 200 in 3.0s (next.js: 184ms, application-code: 2.8s)
 GET / 200 in 1814ms (next.js: 13ms, application-code: 1802ms)
 GET / 200 in 1240ms (next.js: 12ms, application-code: 1228ms)
 GET / 200 in 1240ms (next.js: 69ms, application-code: 1171ms)
✓ Compiled in 252ms
 GET / 200 in 3.7s (next.js: 623ms, application-code: 3.1s)
 GET / 200 in 1039ms (next.js: 85ms, application-code: 954ms)
 GET /admin/access-control 200 in 5.6s (next.js: 429ms, application-code: 5.1s)
 GET /admin/access-control 200 in 3.1s (next.js: 256ms, application-code: 2.8s)
 GET /admin/access-control 200 in 2.8s (next.js: 18ms, application-code: 2.8s)
 GET /admin/access-control 200 in 2.3s (next.js: 79ms, application-code: 2.2s)
 GET /admin/access-control 200 in 2.3s (next.js: 13ms, application-code: 2.3s)
 GET / 200 in 7.4s (next.js: 728ms, application-code: 6.6s)
 GET /admin/access-control 200 in 3.3s (next.js: 17ms, application-code: 3.3s)
 GET /admin/access-control 200 in 2.7s (next.js: 16ms, application-code: 2.7s)
 GET /admin/access-control 200 in 3.2s (next.js: 15ms, application-code: 3.2s)
 GET /admin/access-control 200 in 2.7s (next.js: 14ms, application-code: 2.7s)
 GET /admin/access-control 200 in 2.7s (next.js: 71ms, application-code: 2.6s)
 GET /admin/access-control 200 in 3.1s (next.js: 12ms, application-code: 3.1s)
 GET /admin/access-control 200 in 3.1s (next.js: 12ms, application-code: 3.1s)
 GET /admin/access-control 200 in 3.0s (next.js: 488ms, application-code: 2.5s)
 GET /admin/access-control 200 in 2.5s (next.js: 13ms, application-code: 2.5s)
 GET /admin/access-control 200 in 2.1s (next.js: 12ms, application-code: 2.0s)
 GET /admin/access-control 200 in 2.1s (next.js: 58ms, application-code: 2.0s)
 GET /admin/access-control 200 in 1067ms (next.js: 13ms, application-code: 1054ms)
 GET /admin/access-control 200 in 623ms (next.js: 13ms, application-code: 610ms)
✓ Compiled in 156ms
 GET /admin/access-control 200 in 2.7s (next.js: 380ms, application-code: 2.3s)
 GET /admin/access-control 200 in 1063ms (next.js: 20ms, application-code: 1043ms)
 GET / 200 in 2.7s (next.js: 604ms, application-code: 2.1s)
 GET / 200 in 1057ms (next.js: 71ms, application-code: 986ms)
✓ Compiled in 76ms
✓ Compiled in 92ms
 GET /admin/access-control 200 in 2.2s (next.js: 186ms, application-code: 1997ms)
 GET /admin/access-control 200 in 1216ms (next.js: 529ms, application-code: 687ms)
 GET / 200 in 2.5s (next.js: 294ms, application-code: 2.2s)
 GET / 200 in 2.3s (next.js: 623ms, application-code: 1708ms)
 GET /admin/access-control 200 in 1189ms (next.js: 10ms, application-code: 1179ms)
 GET /admin/access-control 200 in 1153ms (next.js: 239ms, application-code: 915ms)
 GET / 200 in 886ms (next.js: 256ms, application-code: 631ms)
 GET / 200 in 602ms (next.js: 223ms, application-code: 378ms)
✓ Compiled in 150ms
✓ Compiled in 0ms
✓ Compiled in 0ms
 GET /admin/access-control 200 in 3.2s (next.js: 215ms, application-code: 3.0s)
 GET /admin/access-control 200 in 1747ms (next.js: 255ms, application-code: 1492ms)
 GET / 200 in 3.2s (next.js: 488ms, application-code: 2.8s)
 GET / 200 in 4.1s (next.js: 395ms, application-code: 3.7s)
 GET /admin/access-control 200 in 3.5s (next.js: 298ms, application-code: 3.2s)
 GET /admin/access-control 200 in 3.5s (next.js: 430ms, application-code: 3.1s)
 GET /admin/access-control 200 in 3.0s (next.js: 876ms, application-code: 2.1s)
 GET /admin/access-control 200 in 3.0s (next.js: 934ms, application-code: 2.1s)
 GET /admin/access-control 200 in 2.1s (next.js: 310ms, application-code: 1791ms)
 GET /admin/access-control 200 in 3.9s (next.js: 18ms, application-code: 3.9s)
 GET / 200 in 5.2s (next.js: 355ms, application-code: 4.8s)
 GET / 200 in 4.7s (next.js: 590ms, application-code: 4.1s)
 GET / 200 in 4.1s (next.js: 227ms, application-code: 3.9s)
 GET / 200 in 3.9s (next.js: 754ms, application-code: 3.1s)
 GET / 200 in 4.1s (next.js: 306ms, application-code: 3.8s)
 GET / 200 in 1462ms (next.js: 11ms, application-code: 1451ms)
 GET /admin/access-control 200 in 1273ms (next.js: 17ms, application-code: 1255ms)
 GET / 200 in 1274ms (next.js: 72ms, application-code: 1202ms)
✓ Compiled in 106ms
 GET /admin/access-control 200 in 2.5s (next.js: 228ms, application-code: 2.3s)
 GET /admin/access-control 200 in 1217ms (next.js: 230ms, application-code: 987ms)
 GET / 200 in 3.7s (next.js: 665ms, application-code: 3.0s)
 GET / 200 in 2.5s (next.js: 261ms, application-code: 2.2s)
 GET /admin/access-control 200 in 1875ms (next.js: 19ms, application-code: 1856ms)
 GET /admin/access-control 200 in 1868ms (next.js: 55ms, application-code: 1813ms)
 GET /admin/access-control 200 in 1295ms (next.js: 226ms, application-code: 1068ms)
 GET /admin/access-control 200 in 1107ms (next.js: 249ms, application-code: 858ms)
 GET /admin/access-control 200 in 1098ms (next.js: 9ms, application-code: 1089ms)
 GET /admin/access-control 200 in 1437ms (next.js: 8ms, application-code: 1429ms)
 GET /admin/access-control 200 in 1752ms (next.js: 37ms, application-code: 1715ms)
 GET /admin/access-control 200 in 1753ms (next.js: 8ms, application-code: 1746ms)
 GET /admin/access-control 200 in 1213ms (next.js: 9ms, application-code: 1204ms)
 GET /admin/access-control 200 in 1230ms (next.js: 232ms, application-code: 998ms)
 GET /admin/access-control 200 in 1133ms (next.js: 11ms, application-code: 1122ms)
 GET /admin/access-control 200 in 2.1s (next.js: 9ms, application-code: 2.1s)
 GET / 200 in 2.5s (next.js: 9ms, application-code: 2.5s)
 GET / 200 in 2.1s (next.js: 72ms, application-code: 2.0s)
 GET / 200 in 2.1s (next.js: 62ms, application-code: 1988ms)
 GET / 200 in 2.0s (next.js: 407ms, application-code: 1634ms)
 GET / 200 in 1628ms (next.js: 292ms, application-code: 1336ms)
 GET / 200 in 2.7s (next.js: 7ms, application-code: 2.7s)
 GET / 200 in 2.8s (next.js: 8ms, application-code: 2.8s)
 GET / 200 in 2.4s (next.js: 50ms, application-code: 2.3s)
 GET / 200 in 2.5s (next.js: 71ms, application-code: 2.4s)
 GET / 200 in 2.3s (next.js: 296ms, application-code: 2.0s)
 GET / 200 in 2.0s (next.js: 347ms, application-code: 1685ms)
 GET / 200 in 396ms (next.js: 7ms, application-code: 389ms)
✓ Compiled in 242ms
✓ Compiled in 0ms
✓ Compiled in 0ms
 GET /admin/access-control 200 in 5.2s (next.js: 325ms, application-code: 4.9s)
 GET /admin/access-control 200 in 4.3s (next.js: 463ms, application-code: 3.9s)
 GET / 200 in 7.2s (next.js: 784ms, application-code: 6.4s)
 GET / 200 in 5.8s (next.js: 775ms, application-code: 5.0s)
 GET /admin/access-control 200 in 3.1s (next.js: 323ms, application-code: 2.8s)
 GET /admin/access-control 200 in 3.0s (next.js: 13ms, application-code: 3.0s)
 GET /admin/access-control 200 in 3.0s (next.js: 72ms, application-code: 3.0s)
 GET /admin/access-control 200 in 2.9s (next.js: 16ms, application-code: 2.9s)
 GET /admin/access-control 200 in 4.2s (next.js: 213ms, application-code: 4.0s)
 GET / 200 in 4.6s (next.js: 63ms, application-code: 4.6s)
 GET / 200 in 3.8s (next.js: 17ms, application-code: 3.8s)
 GET / 200 in 4.0s (next.js: 131ms, application-code: 3.8s)
 GET / 200 in 3.9s (next.js: 140ms, application-code: 3.8s)
 GET /admin/access-control 200 in 1602ms (next.js: 118ms, application-code: 1484ms)
 GET / 200 in 2.3s (next.js: 12ms, application-code: 2.3s)
 GET / 200 in 3.7s (next.js: 20ms, application-code: 3.7s)
 GET /admin/access-control 200 in 2.7s (next.js: 12ms, application-code: 2.7s)
 GET /admin/access-control 200 in 1518ms (next.js: 142ms, application-code: 1376ms)
 GET / 200 in 2.7s (next.js: 62ms, application-code: 2.7s)
 GET / 200 in 1521ms (next.js: 220ms, application-code: 1301ms)
✓ Compiled in 567ms
 GET / 200 in 3.8s (next.js: 573ms, application-code: 3.2s)
 GET / 200 in 5.6s (next.js: 374ms, application-code: 5.3s)
 GET /admin/access-control 200 in 6.1s (next.js: 955ms, application-code: 5.2s)
 GET /admin/access-control 200 in 4.5s (next.js: 703ms, application-code: 3.8s)
 GET /admin/access-control 200 in 2.6s (next.js: 9ms, application-code: 2.6s)
 GET /admin/access-control 200 in 2.2s (next.js: 11ms, application-code: 2.1s)
 GET / 500 in 6.9s (next.js: 477ms, application-code: 6.5s)
 GET /admin/access-control 200 in 2.1s (next.js: 15ms, application-code: 2.1s)
 GET /admin/access-control 200 in 2.2s (next.js: 12ms, application-code: 2.2s)
 GET /admin/access-control 200 in 2.6s (next.js: 14ms, application-code: 2.6s)
 GET /admin/access-control 200 in 3.0s (next.js: 13ms, application-code: 3.0s)
 GET /admin/access-control 200 in 2.5s (next.js: 17ms, application-code: 2.5s)
 GET /admin/access-control 200 in 2.9s (next.js: 445ms, application-code: 2.5s)
 GET /admin/access-control 200 in 2.5s (next.js: 81ms, application-code: 2.4s)
 GET /admin/access-control 200 in 2.6s (next.js: 12ms, application-code: 2.6s)
 GET /admin/access-control 200 in 2.5s (next.js: 14ms, application-code: 2.5s)
 GET /admin/access-control 200 in 2.9s (next.js: 14ms, application-code: 2.9s)
 GET /admin/access-control 200 in 2.5s (next.js: 23ms, application-code: 2.5s)
 GET /admin/access-control 200 in 3.6s (next.js: 259ms, application-code: 3.3s)
 GET /admin/access-control 200 in 3.3s (next.js: 68ms, application-code: 3.2s)
 GET /admin/access-control 200 in 2.4s (next.js: 13ms, application-code: 2.4s)
 GET /admin/access-control 200 in 1947ms (next.js: 12ms, application-code: 1934ms)
 GET /admin/access-control 200 in 1423ms (next.js: 42ms, application-code: 1380ms)
✓ Compiled in 268ms
✓ Compiled in 0ms
 GET / 200 in 7.0s (next.js: 1179ms, application-code: 5.8s)
 GET / 200 in 3.4s (next.js: 912ms, application-code: 2.5s)
 GET /admin/access-control 200 in 8.1s (next.js: 447ms, application-code: 7.7s)
 GET /admin/access-control 200 in 4.9s (next.js: 824ms, application-code: 4.1s)
 GET /admin/access-control 200 in 2.6s (next.js: 11ms, application-code: 2.6s)
 GET /admin/access-control 200 in 2.2s (next.js: 16ms, application-code: 2.1s)
 GET /admin/access-control 200 in 2.6s (next.js: 79ms, application-code: 2.5s)
 GET / 200 in 7.9s (next.js: 609ms, application-code: 7.3s)
 GET /admin/access-control 200 in 2.7s (next.js: 13ms, application-code: 2.7s)
 GET /admin/access-control 200 in 2.8s (next.js: 18ms, application-code: 2.8s)
 GET /admin/access-control 200 in 3.4s (next.js: 13ms, application-code: 3.3s)
 GET /admin/access-control 200 in 2.8s (next.js: 38ms, application-code: 2.8s)
 GET /admin/access-control 200 in 2.8s (next.js: 200ms, application-code: 2.6s)
 GET /admin/access-control 200 in 3.1s (next.js: 475ms, application-code: 2.6s)
 GET /admin/access-control 200 in 3.3s (next.js: 19ms, application-code: 3.3s)
 GET /admin/access-control 200 in 2.7s (next.js: 19ms, application-code: 2.7s)
 GET /admin/access-control 200 in 3.2s (next.js: 12ms, application-code: 3.2s)
 GET /admin/access-control 200 in 2.6s (next.js: 18ms, application-code: 2.6s)
 GET /admin/access-control 200 in 2.6s (next.js: 206ms, application-code: 2.4s)
 GET /admin/access-control 200 in 2.6s (next.js: 556ms, application-code: 2.1s)
 GET /admin/access-control 200 in 3.2s (next.js: 11ms, application-code: 3.2s)
 GET /admin/access-control 200 in 2.8s (next.js: 14ms, application-code: 2.7s)
 GET /admin/access-control 200 in 3.2s (next.js: 13ms, application-code: 3.2s)
 GET /admin/access-control 200 in 2.7s (next.js: 19ms, application-code: 2.7s)
 GET /admin/access-control 200 in 2.7s (next.js: 77ms, application-code: 2.6s)
 GET /admin/access-control 200 in 2.2s (next.js: 12ms, application-code: 2.2s)
 GET /admin/access-control 200 in 2.9s (next.js: 17ms, application-code: 2.9s)
 GET /admin/access-control 200 in 3.4s (next.js: 12ms, application-code: 3.4s)
 GET /admin/access-control 200 in 4.4s (next.js: 15ms, application-code: 4.4s)
 GET /admin/access-control 200 in 3.8s (next.js: 53ms, application-code: 3.7s)
 GET /admin/access-control 200 in 3.8s (next.js: 84ms, application-code: 3.7s)
 GET /admin/access-control 200 in 3.2s (next.js: 18ms, application-code: 3.1s)
 GET /admin/access-control 200 in 3.8s (next.js: 12ms, application-code: 3.8s)
 GET /admin/access-control 200 in 4.2s (next.js: 40ms, application-code: 4.2s)
 GET /admin/access-control 200 in 3.3s (next.js: 13ms, application-code: 3.3s)
 GET /admin/access-control 200 in 2.8s (next.js: 70ms, application-code: 2.7s)
 GET /admin/access-control 200 in 2.8s (next.js: 17ms, application-code: 2.8s)
 GET /admin/access-control 200 in 2.3s (next.js: 14ms, application-code: 2.2s)
 GET /admin/access-control 200 in 2.7s (next.js: 14ms, application-code: 2.7s)
 GET /admin/access-control 200 in 3.0s (next.js: 11ms, application-code: 3.0s)
 GET /admin/access-control 200 in 3.0s (next.js: 13ms, application-code: 3.0s)
 GET /admin/access-control 200 in 2.9s (next.js: 489ms, application-code: 2.4s)
 GET /admin/access-control 200 in 2.4s (next.js: 72ms, application-code: 2.4s)
 GET /admin/access-control 200 in 1933ms (next.js: 10ms, application-code: 1923ms)
 GET /admin/access-control 200 in 2.5s (next.js: 11ms, application-code: 2.5s)
 GET /admin/access-control 200 in 2.7s (next.js: 10ms, application-code: 2.7s)
 GET /admin/access-control 200 in 3.0s (next.js: 34ms, application-code: 2.9s)
 GET /admin/access-control 200 in 3.0s (next.js: 68ms, application-code: 2.9s)
 GET /admin/access-control 200 in 2.4s (next.js: 447ms, application-code: 1992ms)
 GET /admin/access-control 200 in 2.0s (next.js: 14ms, application-code: 1993ms)
 GET /admin/access-control 200 in 3.0s (next.js: 10ms, application-code: 3.0s)
 GET /admin/access-control 200 in 2.5s (next.js: 16ms, application-code: 2.5s)
 GET /admin/access-control 200 in 2.9s (next.js: 13ms, application-code: 2.9s)
 GET /admin/access-control 200 in 2.9s (next.js: 444ms, application-code: 2.4s)
 GET /admin/access-control 200 in 2.5s (next.js: 71ms, application-code: 2.4s)
 GET /admin/access-control 200 in 1958ms (next.js: 13ms, application-code: 1945ms)
 GET /admin/access-control 200 in 2.9s (next.js: 11ms, application-code: 2.9s)
 GET /admin/access-control 200 in 2.9s (next.js: 12ms, application-code: 2.9s)
 GET /admin/access-control 200 in 4.0s (next.js: 13ms, application-code: 4.0s)
 GET /admin/access-control 200 in 3.9s (next.js: 444ms, application-code: 3.5s)
 GET /admin/access-control 200 in 3.5s (next.js: 68ms, application-code: 3.4s)
 GET /admin/access-control 200 in 3.1s (next.js: 16ms, application-code: 3.1s)
 GET /admin/access-control 200 in 4.2s (next.js: 13ms, application-code: 4.2s)
 GET /admin/access-control 200 in 3.8s (next.js: 29ms, application-code: 3.7s)
 GET /admin/access-control 200 in 3.3s (next.js: 14ms, application-code: 3.3s)
 GET /admin/access-control 200 in 3.2s (next.js: 505ms, application-code: 2.7s)
 GET /admin/access-control 200 in 2.7s (next.js: 120ms, application-code: 2.6s)
 GET /admin/access-control 200 in 1950ms (next.js: 40ms, application-code: 1909ms)
 GET /admin/access-control 200 in 3.2s (next.js: 16ms, application-code: 3.2s)
 GET /admin/access-control 200 in 3.2s (next.js: 13ms, application-code: 3.2s)
 GET /admin/access-control 200 in 2.7s (next.js: 12ms, application-code: 2.7s)
 GET /admin/access-control 200 in 2.9s (next.js: 236ms, application-code: 2.7s)
 GET /admin/access-control 200 in 2.8s (next.js: 67ms, application-code: 2.7s)
 GET /admin/access-control 200 in 2.7s (next.js: 496ms, application-code: 2.2s)
 GET /admin/access-control 200 in 3.4s (next.js: 11ms, application-code: 3.3s)
 GET /admin/access-control 200 in 3.3s (next.js: 12ms, application-code: 3.3s)
 GET /admin/access-control 200 in 2.8s (next.js: 15ms, application-code: 2.7s)
 GET /admin/access-control 200 in 2.8s (next.js: 17ms, application-code: 2.8s)
 GET /admin/access-control 200 in 3.4s (next.js: 516ms, application-code: 2.8s)
 GET /admin/access-control 200 in 2.9s (next.js: 75ms, application-code: 2.8s)
 GET /admin/access-control 200 in 3.4s (next.js: 13ms, application-code: 3.3s)
 GET /admin/access-control 200 in 2.9s (next.js: 16ms, application-code: 2.9s)
 GET /admin/access-control 200 in 2.8s (next.js: 74ms, application-code: 2.8s)
 GET /admin/access-control 200 in 2.6s (next.js: 16ms, application-code: 2.6s)
 GET /admin/access-control 200 in 2.7s (next.js: 15ms, application-code: 2.7s)
 GET /admin/access-control 200 in 3.2s (next.js: 79ms, application-code: 3.1s)
 GET /admin/access-control 200 in 3.2s (next.js: 11ms, application-code: 3.2s)
 GET /admin/access-control 200 in 2.7s (next.js: 17ms, application-code: 2.7s)
 GET /admin/access-control 200 in 2.8s (next.js: 15ms, application-code: 2.8s)
 GET /admin/access-control 200 in 3.2s (next.js: 464ms, application-code: 2.7s)
 GET /admin/access-control 200 in 2.4s (next.js: 11ms, application-code: 2.4s)
 GET /admin/access-control 200 in 3.2s (next.js: 62ms, application-code: 3.1s)
 GET /admin/access-control 200 in 3.1s (next.js: 13ms, application-code: 3.0s)
 GET /admin/access-control 200 in 2.5s (next.js: 16ms, application-code: 2.5s)
 GET /admin/access-control 200 in 2.9s (next.js: 11ms, application-code: 2.9s)
 GET /admin/access-control 200 in 2.9s (next.js: 243ms, application-code: 2.6s)
 GET /admin/access-control 200 in 1875ms (next.js: 13ms, application-code: 1862ms)
 GET /admin/access-control 200 in 2.4s (next.js: 389ms, application-code: 1989ms)
 GET /admin/access-control 200 in 2.6s (next.js: 12ms, application-code: 2.6s)
 GET /admin/access-control 200 in 3.1s (next.js: 17ms, application-code: 3.0s)
 GET /admin/access-control 200 in 3.6s (next.js: 15ms, application-code: 3.6s)
 GET /admin/access-control 200 in 3.5s (next.js: 416ms, application-code: 3.1s)
 GET /admin/access-control 200 in 3.2s (next.js: 429ms, application-code: 2.8s)
✓ Compiled in 8ms
 GET /admin/access-control 200 in 4.0s (next.js: 530ms, application-code: 3.5s)
 GET /admin/access-control 200 in 2.9s (next.js: 12ms, application-code: 2.9s)
 GET /admin/access-control 200 in 3.8s (next.js: 36ms, application-code: 3.8s)
 GET /admin/access-control 200 in 4.3s (next.js: 602ms, application-code: 3.7s)
 GET /admin/access-control 200 in 4.1s (next.js: 542ms, application-code: 3.6s)
 GET /admin/access-control 200 in 3.7s (next.js: 351ms, application-code: 3.3s)
 GET /admin/access-control 200 in 3.7s (next.js: 464ms, application-code: 3.2s)
 GET /admin/access-control 200 in 2.3s (next.js: 47ms, application-code: 2.3s)
 GET /admin/access-control 200 in 3.0s (next.js: 13ms, application-code: 3.0s)
 GET /admin/access-control 200 in 3.5s (next.js: 13ms, application-code: 3.5s)
 GET /admin/access-control 200 in 3.5s (next.js: 76ms, application-code: 3.5s)
 GET /admin/access-control 200 in 3.3s (next.js: 25ms, application-code: 3.3s)
 GET /admin/access-control 200 in 3.3s (next.js: 118ms, application-code: 3.2s)
 GET /admin/access-control 200 in 2.3s (next.js: 16ms, application-code: 2.2s)
 GET /admin/access-control 200 in 2.7s (next.js: 15ms, application-code: 2.7s)
 GET /admin/access-control 200 in 3.4s (next.js: 12ms, application-code: 3.4s)
 GET /admin/access-control 200 in 3.3s (next.js: 466ms, application-code: 2.9s)
 GET /admin/access-control 200 in 2.8s (next.js: 16ms, application-code: 2.8s)
 GET /admin/access-control 200 in 3.4s (next.js: 86ms, application-code: 3.3s)
 GET /admin/access-control 200 in 2.3s (next.js: 14ms, application-code: 2.3s)
 GET /admin/access-control 200 in 2.7s (next.js: 16ms, application-code: 2.7s)
 GET /admin/access-control 200 in 3.2s (next.js: 12ms, application-code: 3.2s)
 GET /admin/access-control 200 in 3.1s (next.js: 481ms, application-code: 2.6s)
 GET /admin/access-control 200 in 2.4s (next.js: 13ms, application-code: 2.4s)
 GET /admin/access-control 200 in 3.1s (next.js: 417ms, application-code: 2.7s)
 GET /admin/access-control 200 in 2.2s (next.js: 17ms, application-code: 2.1s)
 GET /admin/access-control 200 in 2.7s (next.js: 15ms, application-code: 2.7s)
 GET /admin/access-control 200 in 3.2s (next.js: 13ms, application-code: 3.2s)
 GET /admin/access-control 200 in 3.1s (next.js: 223ms, application-code: 2.9s)
 GET /admin/access-control 200 in 2.8s (next.js: 14ms, application-code: 2.8s)
 GET /admin/access-control 200 in 3.1s (next.js: 255ms, application-code: 2.8s)
 GET /admin/access-control 200 in 2.8s (next.js: 469ms, application-code: 2.3s)
 GET /admin/access-control 200 in 3.4s (next.js: 11ms, application-code: 3.4s)
 GET /admin/access-control 200 in 3.3s (next.js: 12ms, application-code: 3.3s)
 GET /admin/access-control 200 in 3.2s (next.js: 525ms, application-code: 2.7s)
 GET /admin/access-control 200 in 2.6s (next.js: 16ms, application-code: 2.6s)
 GET /admin/access-control 200 in 2.6s (next.js: 15ms, application-code: 2.6s)
 GET /admin/access-control 200 in 2.7s (next.js: 76ms, application-code: 2.6s)
 GET /admin/access-control 200 in 3.0s (next.js: 11ms, application-code: 3.0s)
 GET /admin/access-control 200 in 3.1s (next.js: 11ms, application-code: 3.1s)
 GET /admin/access-control 200 in 2.6s (next.js: 22ms, application-code: 2.5s)
 GET /admin/access-control 200 in 2.1s (next.js: 42ms, application-code: 2.0s)
 GET /admin/access-control 200 in 2.5s (next.js: 12ms, application-code: 2.5s)
 GET /admin/access-control 200 in 2.5s (next.js: 440ms, application-code: 2.1s)
 GET /admin/access-control 200 in 3.0s (next.js: 10ms, application-code: 3.0s)
 GET /admin/access-control 200 in 3.0s (next.js: 12ms, application-code: 3.0s)
 GET /admin/access-control 200 in 2.9s (next.js: 481ms, application-code: 2.4s)
 GET /admin/access-control 200 in 2.0s (next.js: 13ms, application-code: 2.0s)
 GET /admin/access-control 200 in 2.5s (next.js: 36ms, application-code: 2.4s)
 GET /admin/access-control 200 in 2.9s (next.js: 408ms, application-code: 2.5s)
 GET /admin/access-control 200 in 3.1s (next.js: 12ms, application-code: 3.1s)
 GET /admin/access-control 200 in 3.1s (next.js: 13ms, application-code: 3.0s)
 GET /admin/access-control 200 in 2.6s (next.js: 15ms, application-code: 2.6s)
 GET /admin/access-control 200 in 2.6s (next.js: 472ms, application-code: 2.1s)
 GET /admin/access-control 200 in 2.5s (next.js: 13ms, application-code: 2.5s)
 GET /admin/access-control 200 in 2.5s (next.js: 16ms, application-code: 2.4s)
 GET /admin/access-control 200 in 2.9s (next.js: 14ms, application-code: 2.9s)
 GET /admin/access-control 200 in 2.9s (next.js: 11ms, application-code: 2.9s)
 GET /admin/access-control 200 in 2.9s (next.js: 428ms, application-code: 2.4s)
 GET /admin/access-control 200 in 2.0s (next.js: 49ms, application-code: 1988ms)
 GET /admin/access-control 200 in 2.6s (next.js: 12ms, application-code: 2.5s)
 GET /admin/access-control 200 in 3.0s (next.js: 446ms, application-code: 2.5s)
 GET /admin/access-control 200 in 3.2s (next.js: 14ms, application-code: 3.1s)
 GET /admin/access-control 200 in 2.7s (next.js: 9ms, application-code: 2.7s)
 GET /admin/access-control 200 in 3.1s (next.js: 209ms, application-code: 2.9s)
 GET /admin/access-control 200 in 2.6s (next.js: 11ms, application-code: 2.6s)
 GET /admin/access-control 200 in 2.6s (next.js: 12ms, application-code: 2.6s)
 GET /admin/access-control 200 in 3.0s (next.js: 493ms, application-code: 2.5s)
 GET /admin/access-control 200 in 2.9s (next.js: 13ms, application-code: 2.9s)
 GET /admin/access-control 200 in 2.4s (next.js: 10ms, application-code: 2.4s)
 GET /admin/access-control 200 in 2.4s (next.js: 14ms, application-code: 2.4s)
 GET /admin/access-control 200 in 2.2s (next.js: 14ms, application-code: 2.2s)
 GET /admin/access-control 200 in 2.6s (next.js: 9ms, application-code: 2.5s)
 GET /admin/access-control 200 in 2.9s (next.js: 455ms, application-code: 2.5s)
 GET /admin/access-control 200 in 3.0s (next.js: 13ms, application-code: 3.0s)
 GET /admin/access-control 200 in 2.5s (next.js: 12ms, application-code: 2.5s)
 GET /admin/access-control 200 in 2.8s (next.js: 255ms, application-code: 2.5s)
 GET /admin/access-control 200 in 2.6s (next.js: 37ms, application-code: 2.5s)
 GET /admin/access-control 200 in 3.0s (next.js: 12ms, application-code: 3.0s)
 GET /admin/access-control 200 in 2.8s (next.js: 253ms, application-code: 2.5s)
 GET /admin/access-control 200 in 3.0s (next.js: 12ms, application-code: 3.0s)
 GET /admin/access-control 200 in 2.5s (next.js: 14ms, application-code: 2.5s)
 GET /admin/access-control 200 in 2.1s (next.js: 17ms, application-code: 2.0s)
 GET /admin/access-control 200 in 2.7s (next.js: 251ms, application-code: 2.5s)
 GET /admin/access-control 200 in 3.1s (next.js: 34ms, application-code: 3.1s)
 GET /admin/access-control 200 in 2.7s (next.js: 12ms, application-code: 2.6s)
 GET /admin/access-control 200 in 3.2s (next.js: 10ms, application-code: 3.2s)
 GET /admin/access-control 200 in 2.6s (next.js: 18ms, application-code: 2.6s)
 GET /admin/access-control 200 in 2.6s (next.js: 449ms, application-code: 2.1s)
 GET /admin/access-control 200 in 2.7s (next.js: 14ms, application-code: 2.7s)
 GET /admin/access-control 200 in 2.7s (next.js: 15ms, application-code: 2.7s)
 GET /admin/access-control 200 in 2.7s (next.js: 14ms, application-code: 2.7s)
 GET /admin/access-control 200 in 3.2s (next.js: 16ms, application-code: 3.2s)
 GET /admin/access-control 200 in 2.7s (next.js: 16ms, application-code: 2.6s)
 GET /admin/access-control 200 in 2.7s (next.js: 77ms, application-code: 2.6s)
 GET /admin/access-control 200 in 3.3s (next.js: 14ms, application-code: 3.3s)
 GET /admin/access-control 200 in 2.8s (next.js: 11ms, application-code: 2.8s)
 GET /admin/access-control 200 in 3.0s (next.js: 254ms, application-code: 2.8s)
 GET /admin/access-control 200 in 2.8s (next.js: 23ms, application-code: 2.8s)
 GET /admin/access-control 200 in 2.8s (next.js: 16ms, application-code: 2.8s)
 GET /admin/access-control 200 in 2.8s (next.js: 90ms, application-code: 2.7s)
 GET /admin/access-control 200 in 3.4s (next.js: 12ms, application-code: 3.4s)
 GET /admin/access-control 200 in 2.9s (next.js: 14ms, application-code: 2.9s)
 GET /admin/access-control 200 in 3.0s (next.js: 20ms, application-code: 3.0s)
 GET /admin/access-control 200 in 2.8s (next.js: 14ms, application-code: 2.8s)
 GET /admin/access-control 200 in 3.1s (next.js: 277ms, application-code: 2.8s)
 GET /admin/access-control 200 in 2.9s (next.js: 89ms, application-code: 2.8s)
 GET /admin/access-control 200 in 3.3s (next.js: 16ms, application-code: 3.2s)
 GET /admin/access-control 200 in 2.7s (next.js: 15ms, application-code: 2.7s)
 GET /admin/access-control 200 in 3.2s (next.js: 15ms, application-code: 3.2s)
 GET /admin/access-control 200 in 2.7s (next.js: 14ms, application-code: 2.7s)
 GET /admin/access-control 200 in 2.7s (next.js: 15ms, application-code: 2.6s)
 GET /admin/access-control 200 in 3.1s (next.js: 246ms, application-code: 2.8s)
 GET /admin/access-control 200 in 3.1s (next.js: 14ms, application-code: 3.0s)
 GET /admin/access-control 200 in 2.6s (next.js: 14ms, application-code: 2.5s)
 GET /admin/access-control 200 in 3.1s (next.js: 11ms, application-code: 3.0s)
 GET /admin/access-control 200 in 2.6s (next.js: 47ms, application-code: 2.5s)
 GET /admin/access-control 200 in 2.1s (next.js: 14ms, application-code: 2.1s)
 GET /admin/access-control 200 in 2.7s (next.js: 52ms, application-code: 2.7s)
 GET /admin/access-control 200 in 2.9s (next.js: 10ms, application-code: 2.9s)
 GET /admin/access-control 200 in 2.9s (next.js: 13ms, application-code: 2.9s)
 GET /admin/access-control 200 in 3.4s (next.js: 37ms, application-code: 3.4s)
 GET /admin/access-control 200 in 3.3s (next.js: 504ms, application-code: 2.8s)
 GET /admin/access-control 200 in 2.8s (next.js: 497ms, application-code: 2.3s)
 GET /admin/access-control 200 in 2.8s (next.js: 23ms, application-code: 2.8s)
 GET /admin/access-control 200 in 2.8s (next.js: 13ms, application-code: 2.8s)
 GET /admin/access-control 200 in 2.9s (next.js: 12ms, application-code: 2.9s)
 GET /admin/access-control 200 in 3.3s (next.js: 12ms, application-code: 3.3s)
 GET /admin/access-control 200 in 3.3s (next.js: 519ms, application-code: 2.7s)
 GET /admin/access-control 200 in 2.7s (next.js: 509ms, application-code: 2.2s)
 GET /admin/access-control 200 in 2.9s (next.js: 10ms, application-code: 2.9s)
 GET /admin/access-control 200 in 2.8s (next.js: 13ms, application-code: 2.8s)
 GET /admin/access-control 200 in 2.8s (next.js: 15ms, application-code: 2.8s)
 GET /admin/access-control 200 in 3.0s (next.js: 15ms, application-code: 2.9s)
 GET /admin/access-control 200 in 3.4s (next.js: 229ms, application-code: 3.1s)
 GET /admin/access-control 200 in 2.9s (next.js: 532ms, application-code: 2.3s)
 GET /admin/access-control 200 in 2.8s (next.js: 13ms, application-code: 2.7s)
 GET /admin/access-control 200 in 2.7s (next.js: 12ms, application-code: 2.7s)
 GET /admin/access-control 200 in 2.7s (next.js: 12ms, application-code: 2.7s)
 GET /admin/access-control 200 in 2.7s (next.js: 15ms, application-code: 2.7s)
 GET /admin/access-control 200 in 2.8s (next.js: 259ms, application-code: 2.5s)
 GET /admin/access-control 200 in 2.6s (next.js: 423ms, application-code: 2.2s)
 GET /admin/access-control 200 in 2.6s (next.js: 14ms, application-code: 2.6s)
 GET /admin/access-control 200 in 2.5s (next.js: 39ms, application-code: 2.5s)
 GET /admin/access-control 200 in 2.6s (next.js: 11ms, application-code: 2.6s)
 GET /admin/access-control 200 in 2.5s (next.js: 12ms, application-code: 2.5s)
 GET /admin/access-control 200 in 2.8s (next.js: 237ms, application-code: 2.5s)
 GET /admin/access-control 200 in 3.0s (next.js: 433ms, application-code: 2.6s)
 GET /admin/access-control 200 in 2.7s (next.js: 15ms, application-code: 2.7s)
 GET /admin/access-control 200 in 3.0s (next.js: 18ms, application-code: 3.0s)
 GET /admin/access-control 200 in 4.8s (next.js: 13ms, application-code: 4.8s)
 GET /admin/access-control 200 in 4.2s (next.js: 13ms, application-code: 4.2s)
 GET /admin/access-control 200 in 4.2s (next.js: 12ms, application-code: 4.2s)
 GET /admin/access-control 200 in 4.5s (next.js: 469ms, application-code: 4.1s)
 GET /admin/access-control 200 in 4.0s (next.js: 45ms, application-code: 4.0s)
 GET /admin/access-control 200 in 2.8s (next.js: 12ms, application-code: 2.8s)
 GET /admin/access-control 200 in 2.8s (next.js: 11ms, application-code: 2.8s)
 GET /admin/access-control 200 in 2.4s (next.js: 14ms, application-code: 2.4s)
 GET /admin/access-control 200 in 2.4s (next.js: 14ms, application-code: 2.4s)
 GET /admin/access-control 200 in 2.4s (next.js: 13ms, application-code: 2.4s)
 GET /admin/access-control 200 in 2.0s (next.js: 35ms, application-code: 1977ms)
 GET /admin/access-control 200 in 2.9s (next.js: 10ms, application-code: 2.8s)
 GET /admin/access-control 200 in 2.9s (next.js: 15ms, application-code: 2.9s)
 GET /admin/access-control 200 in 2.4s (next.js: 14ms, application-code: 2.4s)
 GET /admin/access-control 200 in 2.4s (next.js: 13ms, application-code: 2.4s)
 GET /admin/access-control 200 in 2.7s (next.js: 216ms, application-code: 2.5s)
 GET /admin/access-control 200 in 2.4s (next.js: 435ms, application-code: 1972ms)
 GET /admin/access-control 200 in 2.9s (next.js: 12ms, application-code: 2.9s)
 GET /admin/access-control 200 in 2.9s (next.js: 17ms, application-code: 2.8s)
 GET /admin/access-control 200 in 2.8s (next.js: 447ms, application-code: 2.3s)
 GET /admin/access-control 200 in 2.4s (next.js: 20ms, application-code: 2.3s)
 GET /admin/access-control 200 in 2.8s (next.js: 392ms, application-code: 2.5s)
 GET /admin/access-control 200 in 2.7s (next.js: 401ms, application-code: 2.3s)
 GET /admin/access-control 200 in 3.0s (next.js: 14ms, application-code: 3.0s)
 GET /admin/access-control 200 in 3.0s (next.js: 13ms, application-code: 3.0s)
 GET /admin/access-control 200 in 3.0s (next.js: 431ms, application-code: 2.5s)
 GET /admin/access-control 200 in 2.1s (next.js: 14ms, application-code: 2.1s)
 GET /admin/access-control 200 in 2.2s (next.js: 248ms, application-code: 1927ms)
 GET /admin/access-control 200 in 1472ms (next.js: 12ms, application-code: 1460ms)
 GET /admin/access-control 200 in 3.0s (next.js: 13ms, application-code: 3.0s)
 GET /admin/access-control 200 in 2.9s (next.js: 17ms, application-code: 2.9s)
 GET /admin/access-control 200 in 2.9s (next.js: 14ms, application-code: 2.9s)
 GET /admin/access-control 200 in 2.8s (next.js: 450ms, application-code: 2.4s)
 GET /admin/access-control 200 in 2.4s (next.js: 85ms, application-code: 2.3s)
 GET /admin/access-control 200 in 2.4s (next.js: 145ms, application-code: 2.3s)
 GET /admin/access-control 200 in 2.8s (next.js: 12ms, application-code: 2.7s)
 GET /admin/access-control 200 in 2.4s (next.js: 11ms, application-code: 2.4s)
 GET /admin/access-control 200 in 2.8s (next.js: 13ms, application-code: 2.8s)
 GET /admin/access-control 200 in 2.8s (next.js: 411ms, application-code: 2.3s)
 GET /admin/access-control 200 in 2.8s (next.js: 463ms, application-code: 2.3s)
 GET /admin/access-control 200 in 2.4s (next.js: 130ms, application-code: 2.2s)
 GET /admin/access-control 200 in 2.8s (next.js: 14ms, application-code: 2.8s)
 GET /admin/access-control 200 in 3.0s (next.js: 11ms, application-code: 3.0s)
 GET /admin/access-control 200 in 2.5s (next.js: 12ms, application-code: 2.5s)
 GET /admin/access-control 200 in 3.0s (next.js: 419ms, application-code: 2.5s)
 GET /admin/access-control 200 in 3.4s (next.js: 473ms, application-code: 3.0s)
 GET /admin/access-control 200 in 3.0s (next.js: 510ms, application-code: 2.5s)
 GET /admin/access-control 200 in 3.0s (next.js: 15ms, application-code: 3.0s)
 GET /admin/access-control 200 in 3.0s (next.js: 87ms, application-code: 2.9s)
 GET /admin/access-control 200 in 1971ms (next.js: 20ms, application-code: 1951ms)
 GET /admin/access-control 200 in 2.4s (next.js: 456ms, application-code: 1931ms)
 GET /admin/access-control 200 in 2.0s (next.js: 96ms, application-code: 1913ms)
 GET /admin/access-control 200 in 2.3s (next.js: 475ms, application-code: 1836ms)
 GET /admin/access-control 200 in 2.9s (next.js: 13ms, application-code: 2.9s)
 GET /admin/access-control 200 in 2.8s (next.js: 443ms, application-code: 2.4s)
 GET /admin/access-control 200 in 2.3s (next.js: 402ms, application-code: 1943ms)
 GET /admin/access-control 200 in 2.3s (next.js: 452ms, application-code: 1874ms)
 GET /admin/access-control 200 in 1957ms (next.js: 81ms, application-code: 1876ms)
 GET /admin/access-control 200 in 2.4s (next.js: 467ms, application-code: 1939ms)
 GET /admin/access-control 200 in 2.9s (next.js: 13ms, application-code: 2.9s)
 GET /admin/access-control 200 in 2.9s (next.js: 413ms, application-code: 2.5s)
 GET /admin/access-control 200 in 2.5s (next.js: 82ms, application-code: 2.4s)
 GET /admin/access-control 200 in 1997ms (next.js: 13ms, application-code: 1984ms)
 GET /admin/access-control 200 in 1996ms (next.js: 72ms, application-code: 1924ms)
 GET /admin/access-control 200 in 2.9s (next.js: 529ms, application-code: 2.4s)
 GET /admin/access-control 200 in 3.1s (next.js: 12ms, application-code: 3.1s)
 GET /admin/access-control 200 in 3.1s (next.js: 64ms, application-code: 3.1s)
 GET /admin/access-control 200 in 3.1s (next.js: 464ms, application-code: 2.6s)
 GET /admin/access-control 200 in 1637ms (next.js: 29ms, application-code: 1608ms)
 GET /admin/access-control 200 in 1706ms (next.js: 110ms, application-code: 1596ms)
 GET /admin/access-control 200 in 2.4s (next.js: 240ms, application-code: 2.1s)
 GET /admin/access-control 200 in 3.3s (next.js: 15ms, application-code: 3.2s)
 GET /admin/access-control 200 in 3.2s (next.js: 425ms, application-code: 2.8s)
 GET /admin/access-control 200 in 3.2s (next.js: 475ms, application-code: 2.7s)
 GET /admin/access-control 200 in 2.5s (next.js: 761ms, application-code: 1732ms)
 GET /admin/access-control 200 in 2.2s (next.js: 124ms, application-code: 2.1s)
 GET /admin/access-control 200 in 2.3s (next.js: 420ms, application-code: 1896ms)
 GET /admin/access-control 200 in 3.3s (next.js: 17ms, application-code: 3.3s)
 GET /admin/access-control 200 in 3.2s (next.js: 461ms, application-code: 2.8s)
 GET /admin/access-control 200 in 2.8s (next.js: 107ms, application-code: 2.7s)
 GET /admin/access-control 200 in 2.0s (next.js: 193ms, application-code: 1852ms)
 GET /admin/access-control 200 in 2.5s (next.js: 107ms, application-code: 2.3s)
 GET /admin/access-control 200 in 2.7s (next.js: 531ms, application-code: 2.2s)
 GET /admin/access-control 200 in 3.3s (next.js: 17ms, application-code: 3.3s)
 GET /admin/access-control 200 in 3.3s (next.js: 73ms, application-code: 3.3s)
 GET /admin/access-control 200 in 3.3s (next.js: 128ms, application-code: 3.2s)
 GET /admin/access-control 200 in 1684ms (next.js: 15ms, application-code: 1669ms)
 GET /admin/access-control 200 in 2.3s (next.js: 85ms, application-code: 2.2s)
 GET /admin/access-control 200 in 2.8s (next.js: 12ms, application-code: 2.8s)
 GET /admin/access-control 200 in 3.3s (next.js: 17ms, application-code: 3.2s)
 GET /admin/access-control 200 in 3.3s (next.js: 81ms, application-code: 3.2s)
 GET /admin/access-control 200 in 3.2s (next.js: 577ms, application-code: 2.6s)
 GET /admin/access-control 200 in 2.2s (next.js: 507ms, application-code: 1728ms)
 GET /admin/access-control 200 in 2.3s (next.js: 426ms, application-code: 1827ms)
 GET /admin/access-control 200 in 2.7s (next.js: 16ms, application-code: 2.7s)
 GET /admin/access-control 200 in 2.6s (next.js: 15ms, application-code: 2.6s)
 GET /admin/access-control 200 in 2.5s (next.js: 499ms, application-code: 2.0s)
 GET /admin/access-control 200 in 2.0s (next.js: 103ms, application-code: 1927ms)
 GET /admin/access-control 200 in 1323ms (next.js: 422ms, application-code: 902ms)
 GET /admin/access-control 200 in 993ms (next.js: 309ms, application-code: 684ms)
 GET /admin/access-control 200 in 1775ms (next.js: 7ms, application-code: 1767ms)
 GET /admin/access-control 200 in 1784ms (next.js: 7ms, application-code: 1776ms)
 GET /admin/access-control 200 in 1753ms (next.js: 135ms, application-code: 1619ms)
 GET /admin/access-control 200 in 1628ms (next.js: 183ms, application-code: 1445ms)
 GET /admin/access-control 200 in 1628ms (next.js: 236ms, application-code: 1392ms)
 GET /admin/access-control 200 in 566ms (next.js: 9ms, application-code: 557ms)
 GET /admin/access-control 200 in 2.4s (next.js: 6ms, application-code: 2.4s)
 GET /admin/access-control 200 in 2.7s (next.js: 9ms, application-code: 2.7s)
 GET /admin/access-control 200 in 2.7s (next.js: 79ms, application-code: 2.6s)
 GET /admin/access-control 200 in 2.7s (next.js: 44ms, application-code: 2.7s)
 GET /admin/access-control 200 in 2.7s (next.js: 112ms, application-code: 2.6s)
 GET /admin/access-control 200 in 1759ms (next.js: 682ms, application-code: 1077ms)
 GET /admin/access-control 200 in 3.4s (next.js: 12ms, application-code: 3.4s)
 GET /admin/access-control 200 in 3.4s (next.js: 17ms, application-code: 3.3s)
 GET /admin/access-control 200 in 3.4s (next.js: 73ms, application-code: 3.3s)
 GET /admin/access-control 200 in 3.4s (next.js: 129ms, application-code: 3.2s)
 GET /admin/access-control 200 in 3.4s (next.js: 182ms, application-code: 3.2s)
 GET /admin/access-control 200 in 1668ms (next.js: 435ms, application-code: 1233ms)
 GET /admin/access-control 200 in 3.1s (next.js: 18ms, application-code: 3.1s)
 GET /admin/access-control 200 in 3.1s (next.js: 13ms, application-code: 3.1s)
 GET /admin/access-control 200 in 3.1s (next.js: 69ms, application-code: 3.0s)
 GET /admin/access-control 200 in 3.1s (next.js: 119ms, application-code: 3.0s)
 GET /admin/access-control 200 in 3.1s (next.js: 171ms, application-code: 2.9s)
 GET /admin/access-control 200 in 1258ms (next.js: 10ms, application-code: 1248ms)
 GET /admin/access-control 200 in 3.0s (next.js: 13ms, application-code: 3.0s)
 GET /admin/access-control 200 in 3.1s (next.js: 59ms, application-code: 3.0s)
 GET /admin/access-control 200 in 3.1s (next.js: 12ms, application-code: 3.1s)
 GET /admin/access-control 200 in 3.1s (next.js: 134ms, application-code: 2.9s)
 GET /admin/access-control 200 in 2.9s (next.js: 1096ms, application-code: 1788ms)
 GET /admin/access-control 200 in 1177ms (next.js: 16ms, application-code: 1162ms)
 GET /admin/access-control 200 in 3.2s (next.js: 13ms, application-code: 3.2s)
 GET /admin/access-control 200 in 3.2s (next.js: 14ms, application-code: 3.1s)
 GET /admin/access-control 200 in 3.2s (next.js: 65ms, application-code: 3.1s)
 GET /admin/access-control 200 in 3.2s (next.js: 119ms, application-code: 3.0s)
 GET /admin/access-control 200 in 2.5s (next.js: 898ms, application-code: 1627ms)
 GET /admin/access-control 200 in 1626ms (next.js: 525ms, application-code: 1100ms)
 GET /admin/access-control 200 in 2.9s (next.js: 14ms, application-code: 2.9s)
 GET /admin/access-control 200 in 2.9s (next.js: 13ms, application-code: 2.9s)
 GET /admin/access-control 200 in 2.9s (next.js: 78ms, application-code: 2.8s)
 GET /admin/access-control 200 in 2.8s (next.js: 515ms, application-code: 2.3s)
 GET /admin/access-control 200 in 2.3s (next.js: 576ms, application-code: 1713ms)
 GET /admin/access-control 200 in 1533ms (next.js: 438ms, application-code: 1096ms)
 GET /admin/access-control 200 in 3.0s (next.js: 15ms, application-code: 3.0s)
 GET /admin/access-control 200 in 3.0s (next.js: 13ms, application-code: 3.0s)
 GET /admin/access-control 200 in 3.0s (next.js: 59ms, application-code: 2.9s)
 GET /admin/access-control 200 in 3.0s (next.js: 103ms, application-code: 2.9s)
 GET /admin/access-control 200 in 2.2s (next.js: 664ms, application-code: 1499ms)
 GET /admin/access-control 200 in 1798ms (next.js: 456ms, application-code: 1342ms)
✓ Compiled in 597ms
 GET /admin/access-control 200 in 3.2s (next.js: 11ms, application-code: 3.1s)
 GET /admin/access-control 200 in 2.8s (next.js: 13ms, application-code: 2.8s)
 GET /admin/access-control 200 in 2.8s (next.js: 75ms, application-code: 2.8s)
 GET /admin/access-control 200 in 2.8s (next.js: 305ms, application-code: 2.5s)
 GET /admin/access-control 200 in 2.0s (next.js: 453ms, application-code: 1564ms)
 GET /admin/access-control 200 in 2.3s (next.js: 481ms, application-code: 1772ms)
 GET /admin/access-control 200 in 2.9s (next.js: 67ms, application-code: 2.8s)
 GET /admin/access-control 200 in 2.8s (next.js: 208ms, application-code: 2.6s)
 GET /admin/access-control 200 in 2.6s (next.js: 275ms, application-code: 2.3s)
 GET /admin/access-control 200 in 2.3s (next.js: 484ms, application-code: 1846ms)
 GET /admin/access-control 200 in 1471ms (next.js: 447ms, application-code: 1024ms)
 GET /admin/access-control 200 in 1952ms (next.js: 400ms, application-code: 1553ms)
 GET /admin/access-control 200 in 2.9s (next.js: 11ms, application-code: 2.9s)
 GET /admin/access-control 200 in 2.9s (next.js: 75ms, application-code: 2.9s)
 GET /admin/access-control 200 in 2.9s (next.js: 452ms, application-code: 2.4s)
 GET /admin/access-control 200 in 2.4s (next.js: 546ms, application-code: 1897ms)
 GET /admin/access-control 200 in 1480ms (next.js: 425ms, application-code: 1055ms)
 GET /admin/access-control 200 in 1919ms (next.js: 444ms, application-code: 1475ms)
 GET /admin/access-control 200 in 2.8s (next.js: 10ms, application-code: 2.8s)
 GET /admin/access-control 200 in 2.8s (next.js: 66ms, application-code: 2.8s)
 GET /admin/access-control 200 in 2.8s (next.js: 459ms, application-code: 2.3s)
 GET /admin/access-control 200 in 2.4s (next.js: 502ms, application-code: 1848ms)
 GET /admin/access-control 200 in 1921ms (next.js: 446ms, application-code: 1475ms)
 GET /admin/access-control 200 in 2.3s (next.js: 393ms, application-code: 1890ms)
 GET /admin/access-control 200 in 3.0s (next.js: 13ms, application-code: 3.0s)
 GET /admin/access-control 200 in 3.0s (next.js: 455ms, application-code: 2.5s)
 GET /admin/access-control 200 in 2.5s (next.js: 169ms, application-code: 2.4s)
 GET /admin/access-control 200 in 2.5s (next.js: 117ms, application-code: 2.4s)
 GET /admin/access-control 200 in 1522ms (next.js: 15ms, application-code: 1507ms)
 GET /admin/access-control 200 in 1976ms (next.js: 458ms, application-code: 1518ms)
 GET /admin/access-control 200 in 2.9s (next.js: 10ms, application-code: 2.9s)
 GET /admin/access-control 200 in 2.8s (next.js: 418ms, application-code: 2.4s)
 GET /admin/access-control 200 in 2.4s (next.js: 67ms, application-code: 2.4s)
 GET /admin/access-control 200 in 2.4s (next.js: 113ms, application-code: 2.3s)
 GET /admin/access-control 200 in 2.1s (next.js: 68ms, application-code: 2.1s)
 GET /admin/access-control 200 in 3.0s (next.js: 13ms, application-code: 3.0s)
 GET /admin/access-control 200 in 2.9s (next.js: 12ms, application-code: 2.9s)
 GET /admin/access-control 200 in 2.9s (next.js: 412ms, application-code: 2.5s)
 GET /admin/access-control 200 in 2.5s (next.js: 83ms, application-code: 2.4s)
 GET /admin/access-control 200 in 2.5s (next.js: 155ms, application-code: 2.3s)
 GET /admin/access-control 200 in 2.8s (next.js: 14ms, application-code: 2.8s)
 GET /admin/access-control 200 in 2.8s (next.js: 409ms, application-code: 2.3s)
 GET /admin/access-control 200 in 2.9s (next.js: 16ms, application-code: 2.9s)
 GET /admin/access-control 200 in 2.5s (next.js: 11ms, application-code: 2.4s)
 GET /admin/access-control 200 in 2.5s (next.js: 59ms, application-code: 2.4s)
 GET /admin/access-control 200 in 2.5s (next.js: 106ms, application-code: 2.3s)
 GET /admin/access-control 200 in 4.2s (next.js: 11ms, application-code: 4.2s)
 GET /admin/access-control 200 in 4.5s (next.js: 477ms, application-code: 4.0s)
 GET /admin/access-control 200 in 4.5s (next.js: 12ms, application-code: 4.5s)
 GET /admin/access-control 200 in 4.5s (next.js: 423ms, application-code: 4.1s)
 GET /admin/access-control 200 in 4.1s (next.js: 214ms, application-code: 3.9s)
 GET /admin/access-control 200 in 3.9s (next.js: 1890ms, application-code: 2.0s)
 GET /admin/access-control 200 in 2.6s (next.js: 15ms, application-code: 2.6s)
 GET /admin/access-control 200 in 2.8s (next.js: 222ms, application-code: 2.6s)
 GET /admin/access-control 200 in 3.0s (next.js: 15ms, application-code: 3.0s)
 GET /admin/access-control 200 in 2.9s (next.js: 458ms, application-code: 2.4s)
 GET /admin/access-control 200 in 2.5s (next.js: 117ms, application-code: 2.3s)
 GET /admin/access-control 200 in 2.4s (next.js: 522ms, application-code: 1916ms)
 GET /admin/access-control 200 in 1954ms (next.js: 13ms, application-code: 1941ms)
 GET /admin/access-control 200 in 2.8s (next.js: 433ms, application-code: 2.4s)
 GET /admin/access-control 200 in 2.9s (next.js: 14ms, application-code: 2.9s)
 GET /admin/access-control 200 in 2.4s (next.js: 14ms, application-code: 2.4s)
 GET /admin/access-control 200 in 2.4s (next.js: 71ms, application-code: 2.4s)
 GET /admin/access-control 200 in 2.8s (next.js: 434ms, application-code: 2.4s)
 GET /admin/access-control 200 in 2.4s (next.js: 12ms, application-code: 2.3s)
 GET /admin/access-control 200 in 2.8s (next.js: 212ms, application-code: 2.6s)
 GET /admin/access-control 200 in 2.7s (next.js: 11ms, application-code: 2.7s)
 GET /admin/access-control 200 in 2.3s (next.js: 13ms, application-code: 2.3s)
 GET /admin/access-control 200 in 2.3s (next.js: 67ms, application-code: 2.2s)
 GET /admin/access-control 200 in 2.3s (next.js: 417ms, application-code: 1890ms)
 GET /admin/access-control 200 in 2.3s (next.js: 13ms, application-code: 2.3s)
 GET /admin/access-control 200 in 2.7s (next.js: 381ms, application-code: 2.3s)
 GET /admin/access-control 200 in 2.9s (next.js: 12ms, application-code: 2.9s)
 GET /admin/access-control 200 in 2.4s (next.js: 18ms, application-code: 2.4s)
 GET /admin/access-control 200 in 2.4s (next.js: 68ms, application-code: 2.3s)
 GET /admin/access-control 200 in 1964ms (next.js: 14ms, application-code: 1950ms)
 GET /admin/access-control 200 in 2.4s (next.js: 11ms, application-code: 2.4s)
 GET /admin/access-control 200 in 2.2s (next.js: 15ms, application-code: 2.1s)
 GET /admin/access-control 200 in 2.8s (next.js: 14ms, application-code: 2.8s)
 GET /admin/access-control 200 in 2.4s (next.js: 18ms, application-code: 2.4s)
 GET /admin/access-control 200 in 2.4s (next.js: 67ms, application-code: 2.3s)
 GET /admin/access-control 200 in 1918ms (next.js: 10ms, application-code: 1908ms)
 GET /admin/access-control 200 in 2.6s (next.js: 237ms, application-code: 2.3s)
 GET /admin/access-control 200 in 1923ms (next.js: 13ms, application-code: 1911ms)
 GET /admin/access-control 200 in 2.4s (next.js: 12ms, application-code: 2.4s)
 GET /admin/access-control 200 in 1925ms (next.js: 13ms, application-code: 1912ms)
 GET /admin/access-control 200 in 1925ms (next.js: 81ms, application-code: 1843ms)
 GET /admin/access-control 200 in 1305ms (next.js: 11ms, application-code: 1294ms)
 GET /admin/access-control 200 in 1777ms (next.js: 298ms, application-code: 1479ms)
 GET /admin/access-control 200 in 1138ms (next.js: 21ms, application-code: 1117ms)
 GET /admin/access-control 200 in 1676ms (next.js: 10ms, application-code: 1667ms)
 GET /admin/access-control 200 in 1390ms (next.js: 8ms, application-code: 1382ms)
 GET /admin/access-control 200 in 1390ms (next.js: 39ms, application-code: 1351ms)
 GET /admin/access-control 200 in 1213ms (next.js: 9ms, application-code: 1203ms)
 GET /admin/access-control 200 in 1631ms (next.js: 122ms, application-code: 1509ms)
 GET /admin/access-control 200 in 1357ms (next.js: 257ms, application-code: 1100ms)
 GET /admin/access-control 200 in 1614ms (next.js: 7ms, application-code: 1606ms)
 GET /admin/access-control 200 in 1307ms (next.js: 7ms, application-code: 1300ms)
 GET /admin/access-control 200 in 1307ms (next.js: 36ms, application-code: 1271ms)
 GET /admin/access-control 200 in 1038ms (next.js: 8ms, application-code: 1030ms)
 GET /admin/access-control 200 in 1354ms (next.js: 23ms, application-code: 1331ms)
 GET /admin/access-control 200 in 1574ms (next.js: 38ms, application-code: 1536ms)
 GET /admin/access-control 200 in 1602ms (next.js: 8ms, application-code: 1594ms)
 GET /admin/access-control 200 in 1348ms (next.js: 8ms, application-code: 1340ms)
 GET /admin/access-control 200 in 1349ms (next.js: 39ms, application-code: 1310ms)
 GET /admin/access-control 200 in 1308ms (next.js: 244ms, application-code: 1065ms)
 GET /admin/access-control 200 in 1362ms (next.js: 7ms, application-code: 1355ms)
 GET /admin/access-control 200 in 1539ms (next.js: 230ms, application-code: 1309ms)
 GET /admin/access-control 200 in 1537ms (next.js: 8ms, application-code: 1529ms)
 GET /admin/access-control 200 in 1269ms (next.js: 38ms, application-code: 1231ms)
 GET /admin/access-control 200 in 1285ms (next.js: 21ms, application-code: 1264ms)
 GET /admin/access-control 200 in 1261ms (next.js: 238ms, application-code: 1023ms)
 GET /admin/access-control 200 in 1531ms (next.js: 7ms, application-code: 1524ms)
 GET /admin/access-control 200 in 1512ms (next.js: 231ms, application-code: 1281ms)
 GET /admin/access-control 200 in 1524ms (next.js: 9ms, application-code: 1516ms)
 GET /admin/access-control 200 in 1251ms (next.js: 37ms, application-code: 1215ms)
 GET /admin/access-control 200 in 1252ms (next.js: 9ms, application-code: 1244ms)
 GET /admin/access-control 200 in 989ms (next.js: 7ms, application-code: 983ms)
 GET /admin/access-control 200 in 1473ms (next.js: 6ms, application-code: 1467ms)
 GET /admin/access-control 200 in 1474ms (next.js: 32ms, application-code: 1442ms)
 GET /admin/access-control 200 in 1476ms (next.js: 7ms, application-code: 1469ms)
 GET /admin/access-control 200 in 1233ms (next.js: 7ms, application-code: 1226ms)
 GET /admin/access-control 200 in 1233ms (next.js: 36ms, application-code: 1197ms)
 GET /admin/access-control 200 in 982ms (next.js: 211ms, application-code: 771ms)
 GET /admin/access-control 200 in 1474ms (next.js: 6ms, application-code: 1468ms)
 GET /admin/access-control 200 in 1474ms (next.js: 32ms, application-code: 1442ms)
 GET /admin/access-control 200 in 1466ms (next.js: 6ms, application-code: 1460ms)
 GET /admin/access-control 200 in 1437ms (next.js: 216ms, application-code: 1221ms)
 GET /admin/access-control 200 in 1229ms (next.js: 52ms, application-code: 1176ms)
 GET /admin/access-control 200 in 945ms (next.js: 228ms, application-code: 718ms)
 GET /admin/access-control 200 in 1486ms (next.js: 6ms, application-code: 1479ms)
 GET /admin/access-control 200 in 1486ms (next.js: 32ms, application-code: 1454ms)
 GET /admin/access-control 200 in 1526ms (next.js: 8ms, application-code: 1518ms)
 GET /admin/access-control 200 in 1528ms (next.js: 37ms, application-code: 1490ms)
 GET /admin/access-control 200 in 1152ms (next.js: 120ms, application-code: 1032ms)
 GET /admin/access-control 200 in 1041ms (next.js: 38ms, application-code: 1003ms)
 GET /admin/access-control 200 in 1517ms (next.js: 6ms, application-code: 1511ms)
 GET /admin/access-control 200 in 1518ms (next.js: 35ms, application-code: 1483ms)
 GET /admin/access-control 200 in 1486ms (next.js: 7ms, application-code: 1479ms)
 GET /admin/access-control 200 in 1486ms (next.js: 37ms, application-code: 1449ms)
 GET /admin/access-control 200 in 1224ms (next.js: 244ms, application-code: 980ms)
 GET /admin/access-control 200 in 1226ms (next.js: 273ms, application-code: 953ms)
 GET /admin/access-control 200 in 1491ms (next.js: 6ms, application-code: 1485ms)
 GET /admin/access-control 200 in 1491ms (next.js: 36ms, application-code: 1455ms)
 GET /admin/access-control 200 in 998ms (next.js: 9ms, application-code: 989ms)
 GET /admin/access-control 200 in 998ms (next.js: 38ms, application-code: 960ms)
 GET /admin/access-control 200 in 998ms (next.js: 253ms, application-code: 745ms)
 GET /admin/access-control 200 in 1249ms (next.js: 262ms, application-code: 986ms)
 GET /admin/access-control 200 in 1480ms (next.js: 9ms, application-code: 1471ms)
 GET /admin/access-control 200 in 1479ms (next.js: 39ms, application-code: 1440ms)
 GET /admin/access-control 200 in 984ms (next.js: 39ms, application-code: 945ms)
 GET /admin/access-control 200 in 1209ms (next.js: 231ms, application-code: 978ms)
 GET /admin/access-control 200 in 953ms (next.js: 241ms, application-code: 712ms)
 GET /admin/access-control 200 in 733ms (next.js: 6ms, application-code: 727ms)
 GET /admin/access-control 200 in 1523ms (next.js: 8ms, application-code: 1515ms)
 GET /admin/access-control 200 in 1522ms (next.js: 35ms, application-code: 1487ms)
 GET /admin/access-control 200 in 1242ms (next.js: 215ms, application-code: 1026ms)
 GET /admin/access-control 200 in 1242ms (next.js: 243ms, application-code: 999ms)
 GET /admin/access-control 200 in 1243ms (next.js: 271ms, application-code: 973ms)
 GET /admin/access-control 200 in 845ms (next.js: 6ms, application-code: 839ms)
 GET /admin/access-control 200 in 1596ms (next.js: 9ms, application-code: 1587ms)
 GET /admin/access-control 200 in 1596ms (next.js: 42ms, application-code: 1554ms)
 GET /admin/access-control 200 in 1054ms (next.js: 38ms, application-code: 1016ms)
 GET /admin/access-control 200 in 1055ms (next.js: 68ms, application-code: 987ms)
 GET /admin/access-control 200 in 1266ms (next.js: 8ms, application-code: 1258ms)
 GET /admin/access-control 200 in 752ms (next.js: 7ms, application-code: 746ms)
 GET /admin/access-control 200 in 1504ms (next.js: 7ms, application-code: 1496ms)
 GET /admin/access-control 200 in 1474ms (next.js: 220ms, application-code: 1253ms)
 GET /admin/access-control 200 in 1009ms (next.js: 9ms, application-code: 999ms)
 GET /admin/access-control 200 in 1038ms (next.js: 38ms, application-code: 1000ms)
 GET /admin/access-control 200 in 1153ms (next.js: 69ms, application-code: 1084ms)
 GET /admin/access-control 200 in 765ms (next.js: 220ms, application-code: 546ms)
 GET /admin/access-control 200 in 1488ms (next.js: 7ms, application-code: 1481ms)
 GET /admin/access-control 200 in 1198ms (next.js: 219ms, application-code: 979ms)
 GET /admin/access-control 200 in 1462ms (next.js: 123ms, application-code: 1339ms)
 GET /admin/access-control 200 in 1016ms (next.js: 37ms, application-code: 979ms)
 GET /admin/access-control 200 in 1218ms (next.js: 253ms, application-code: 965ms)
 GET /admin/access-control 200 in 1218ms (next.js: 280ms, application-code: 939ms)
 GET /admin/access-control 200 in 1540ms (next.js: 8ms, application-code: 1532ms)
 GET /admin/access-control 200 in 1277ms (next.js: 9ms, application-code: 1268ms)
 GET /admin/access-control 200 in 1277ms (next.js: 39ms, application-code: 1238ms)
 GET /admin/access-control 200 in 1277ms (next.js: 73ms, application-code: 1204ms)
 GET /admin/access-control 200 in 1480ms (next.js: 464ms, application-code: 1016ms)
 GET /admin/access-control 200 in 1349ms (next.js: 271ms, application-code: 1078ms)
 GET /admin/access-control 200 in 1536ms (next.js: 11ms, application-code: 1525ms)
 GET /admin/access-control 200 in 1268ms (next.js: 39ms, application-code: 1229ms)
 GET /admin/access-control 200 in 1269ms (next.js: 8ms, application-code: 1260ms)
 GET /admin/access-control 200 in 1267ms (next.js: 67ms, application-code: 1201ms)
 GET /admin/access-control 200 in 787ms (next.js: 7ms, application-code: 780ms)
 GET /admin/access-control 200 in 1455ms (next.js: 213ms, application-code: 1243ms)
 GET /admin/access-control 200 in 1476ms (next.js: 7ms, application-code: 1469ms)
 GET /admin/access-control 200 in 1444ms (next.js: 215ms, application-code: 1229ms)
 GET /admin/access-control 200 in 1236ms (next.js: 78ms, application-code: 1158ms)
 GET /admin/access-control 200 in 1237ms (next.js: 51ms, application-code: 1186ms)
 GET /admin/access-control 200 in 806ms (next.js: 7ms, application-code: 798ms)
 GET /admin/access-control 200 in 1231ms (next.js: 7ms, application-code: 1224ms)
 GET /admin/access-control 200 in 1498ms (next.js: 8ms, application-code: 1490ms)
 GET /admin/access-control 200 in 1467ms (next.js: 251ms, application-code: 1217ms)
 GET /admin/access-control 200 in 1469ms (next.js: 223ms, application-code: 1246ms)
 GET /admin/access-control 200 in 1253ms (next.js: 71ms, application-code: 1182ms)
 GET /admin/access-control 200 in 621ms (next.js: 8ms, application-code: 612ms)
 GET /admin/access-control 200 in 1251ms (next.js: 8ms, application-code: 1244ms)
 GET /admin/access-control 200 in 1542ms (next.js: 62ms, application-code: 1480ms)
 GET /admin/access-control 200 in 1544ms (next.js: 36ms, application-code: 1508ms)
 GET /admin/access-control 200 in 1547ms (next.js: 8ms, application-code: 1538ms)
 GET /admin/access-control 200 in 1453ms (next.js: 640ms, application-code: 814ms)
 GET /admin/access-control 200 in 650ms (next.js: 9ms, application-code: 641ms)
 GET /admin/access-control 200 in 1378ms (next.js: 8ms, application-code: 1370ms)
 GET /admin/access-control 200 in 1534ms (next.js: 45ms, application-code: 1489ms)
 GET /admin/access-control 200 in 1535ms (next.js: 8ms, application-code: 1526ms)
 GET /admin/access-control 200 in 1534ms (next.js: 85ms, application-code: 1449ms)
 GET /admin/access-control 200 in 1456ms (next.js: 481ms, application-code: 975ms)
 GET /admin/access-control 200 in 500ms (next.js: 7ms, application-code: 493ms)
 GET /admin/access-control 200 in 1509ms (next.js: 8ms, application-code: 1501ms)
 GET /admin/access-control 200 in 1524ms (next.js: 8ms, application-code: 1516ms)
 GET /admin/access-control 200 in 1523ms (next.js: 64ms, application-code: 1459ms)
 GET /admin/access-control 200 in 1492ms (next.js: 288ms, application-code: 1204ms)
 GET /admin/access-control 200 in 1527ms (next.js: 39ms, application-code: 1488ms)
 GET /admin/access-control 200 in 734ms (next.js: 121ms, application-code: 613ms)
 GET /admin/access-control 200 in 1285ms (next.js: 6ms, application-code: 1279ms)
 GET /admin/access-control 200 in 1494ms (next.js: 7ms, application-code: 1487ms)
 GET /admin/access-control 200 in 1495ms (next.js: 36ms, application-code: 1459ms)
 GET /admin/access-control 200 in 1495ms (next.js: 63ms, application-code: 1433ms)
 GET /admin/access-control 200 in 1403ms (next.js: 649ms, application-code: 754ms)
 GET /admin/access-control 200 in 833ms (next.js: 6ms, application-code: 827ms)
 GET /admin/access-control 200 in 1361ms (next.js: 7ms, application-code: 1354ms)
 GET /admin/access-control 200 in 1566ms (next.js: 7ms, application-code: 1559ms)
 GET /admin/access-control 200 in 1566ms (next.js: 35ms, application-code: 1531ms)
 GET /admin/access-control 200 in 1567ms (next.js: 63ms, application-code: 1504ms)
 GET /admin/access-control 200 in 1245ms (next.js: 475ms, application-code: 770ms)
 GET /admin/access-control 200 in 570ms (next.js: 6ms, application-code: 563ms)
 GET /admin/access-control 200 in 1529ms (next.js: 6ms, application-code: 1523ms)
 GET /admin/access-control 200 in 1526ms (next.js: 34ms, application-code: 1491ms)
 GET /admin/access-control 200 in 1527ms (next.js: 6ms, application-code: 1521ms)
 GET /admin/access-control 200 in 1527ms (next.js: 70ms, application-code: 1457ms)
 GET /admin/access-control 200 in 981ms (next.js: 231ms, application-code: 750ms)
 GET /admin/access-control 200 in 934ms (next.js: 216ms, application-code: 717ms)
 GET /admin/access-control 200 in 2.4s (next.js: 7ms, application-code: 2.4s)
 GET /admin/access-control 200 in 2.5s (next.js: 8ms, application-code: 2.5s)
 GET /admin/access-control 200 in 2.5s (next.js: 44ms, application-code: 2.4s)
 GET /admin/access-control 200 in 2.4s (next.js: 153ms, application-code: 2.3s)
 GET /admin/access-control 200 in 1924ms (next.js: 236ms, application-code: 1688ms)
 GET /admin/access-control 200 in 2.5s (next.js: 991ms, application-code: 1471ms)
 GET /admin/access-control 200 in 1716ms (next.js: 6ms, application-code: 1710ms)
 GET /admin/access-control 200 in 1624ms (next.js: 11ms, application-code: 1613ms)
 GET /admin/access-control 200 in 1623ms (next.js: 46ms, application-code: 1577ms)
 GET /admin/access-control 200 in 1625ms (next.js: 87ms, application-code: 1538ms)
 GET /admin/access-control 200 in 1547ms (next.js: 391ms, application-code: 1157ms)
 GET /admin/access-control 200 in 1286ms (next.js: 7ms, application-code: 1279ms)
 GET /admin/access-control 200 in 1431ms (next.js: 7ms, application-code: 1424ms)
 GET /admin/access-control 200 in 1746ms (next.js: 35ms, application-code: 1710ms)
 GET /admin/access-control 200 in 1747ms (next.js: 7ms, application-code: 1740ms)
 GET /admin/access-control 200 in 1682ms (next.js: 463ms, application-code: 1219ms)
 GET /admin/access-control 200 in 1682ms (next.js: 508ms, application-code: 1175ms)
 GET /admin/access-control 200 in 1653ms (next.js: 13ms, application-code: 1640ms)
 GET /admin/access-control 200 in 1334ms (next.js: 8ms, application-code: 1326ms)
 GET /admin/access-control 200 in 1598ms (next.js: 9ms, application-code: 1589ms)
 GET /admin/access-control 200 in 1598ms (next.js: 106ms, application-code: 1491ms)
 GET /admin/access-control 200 in 1599ms (next.js: 44ms, application-code: 1555ms)
 GET /admin/access-control 200 in 1600ms (next.js: 74ms, application-code: 1526ms)
 GET /admin/access-control 200 in 1571ms (next.js: 7ms, application-code: 1563ms)
 GET /admin/access-control 200 in 1314ms (next.js: 10ms, application-code: 1304ms)
 GET /admin/access-control 200 in 1550ms (next.js: 39ms, application-code: 1511ms)
 GET /admin/access-control 200 in 1553ms (next.js: 8ms, application-code: 1544ms)
 GET /admin/access-control 200 in 1552ms (next.js: 66ms, application-code: 1485ms)
 GET /admin/access-control 200 in 1239ms (next.js: 461ms, application-code: 778ms)
 GET /admin/access-control 200 in 1512ms (next.js: 11ms, application-code: 1501ms)
 GET /admin/access-control 200 in 1512ms (next.js: 39ms, application-code: 1473ms)
 GET /admin/access-control 200 in 1506ms (next.js: 8ms, application-code: 1498ms)
 GET /admin/access-control 200 in 1506ms (next.js: 39ms, application-code: 1467ms)
 GET /admin/access-control 200 in 1507ms (next.js: 69ms, application-code: 1438ms)
 GET /admin/access-control 200 in 1089ms (next.js: 324ms, application-code: 765ms)
 GET /admin/access-control 200 in 1524ms (next.js: 8ms, application-code: 1516ms)
 GET /admin/access-control 200 in 1524ms (next.js: 42ms, application-code: 1483ms)
 GET /admin/access-control 200 in 1533ms (next.js: 7ms, application-code: 1526ms)
 GET /admin/access-control 200 in 1532ms (next.js: 37ms, application-code: 1495ms)
 GET /admin/access-control 200 in 1248ms (next.js: 250ms, application-code: 998ms)
 GET /admin/access-control 200 in 1250ms (next.js: 223ms, application-code: 1027ms)
 GET /admin/access-control 200 in 1557ms (next.js: 7ms, application-code: 1550ms)
 GET /admin/access-control 200 in 1559ms (next.js: 39ms, application-code: 1520ms)
 GET /admin/access-control 200 in 1335ms (next.js: 9ms, application-code: 1326ms)
 GET /admin/access-control 200 in 1590ms (next.js: 38ms, application-code: 1553ms)
 GET /admin/access-control 200 in 1118ms (next.js: 8ms, application-code: 1110ms)
 GET /admin/access-control 200 in 1119ms (next.js: 39ms, application-code: 1080ms)
✓ Compiled in 0ms
 GET /admin/access-control 200 in 1699ms (next.js: 7ms, application-code: 1693ms)
 GET /admin/access-control 200 in 1444ms (next.js: 8ms, application-code: 1435ms)
 GET /admin/access-control 200 in 2.0s (next.js: 6ms, application-code: 2.0s)
 GET /admin/access-control 200 in 1989ms (next.js: 129ms, application-code: 1860ms)
 GET /admin/access-control 200 in 1703ms (next.js: 251ms, application-code: 1452ms)
 GET /admin/access-control 200 in 1489ms (next.js: 42ms, application-code: 1447ms)
 GET /admin/access-control 200 in 1938ms (next.js: 309ms, application-code: 1629ms)
 GET /admin/access-control 200 in 1550ms (next.js: 223ms, application-code: 1327ms)
 GET /admin/access-control 200 in 1374ms (next.js: 7ms, application-code: 1367ms)
 GET /admin/access-control 200 in 1554ms (next.js: 106ms, application-code: 1448ms)
 GET /admin/access-control 200 in 1324ms (next.js: 227ms, application-code: 1097ms)
 GET /admin/access-control 200 in 1218ms (next.js: 41ms, application-code: 1177ms)
 GET /admin/access-control 200 in 1567ms (next.js: 8ms, application-code: 1559ms)
 GET /admin/access-control 200 in 1309ms (next.js: 25ms, application-code: 1284ms)
 GET /admin/access-control 200 in 1622ms (next.js: 7ms, application-code: 1615ms)
 GET /admin/access-control 200 in 2.1s (next.js: 122ms, application-code: 1938ms)
 GET /admin/access-control 200 in 1637ms (next.js: 8ms, application-code: 1630ms)
 GET /admin/access-control 200 in 2.4s (next.js: 39ms, application-code: 2.3s)
 GET /admin/access-control 200 in 3.1s (next.js: 11ms, application-code: 3.1s)
 GET /admin/access-control 200 in 3.1s (next.js: 64ms, application-code: 3.0s)
 GET /admin/access-control 200 in 3.0s (next.js: 11ms, application-code: 3.0s)
 GET /admin/access-control 200 in 3.0s (next.js: 214ms, application-code: 2.7s)
 GET /admin/access-control 200 in 1978ms (next.js: 14ms, application-code: 1964ms)
 GET /admin/access-control 200 in 2.7s (next.js: 417ms, application-code: 2.3s)
 GET /admin/access-control 200 in 3.1s (next.js: 59ms, application-code: 3.1s)
 GET /admin/access-control 200 in 3.1s (next.js: 10ms, application-code: 3.1s)
 GET /admin/access-control 200 in 3.1s (next.js: 74ms, application-code: 3.0s)
 GET /admin/access-control 200 in 3.1s (next.js: 14ms, application-code: 3.1s)
 GET /admin/access-control 200 in 2.0s (next.js: 18ms, application-code: 1999ms)
 GET /admin/access-control 200 in 2.3s (next.js: 467ms, application-code: 1821ms)
 GET /admin/access-control 200 in 3.0s (next.js: 13ms, application-code: 3.0s)
 GET /admin/access-control 200 in 3.0s (next.js: 69ms, application-code: 2.9s)
 GET /admin/access-control 200 in 3.1s (next.js: 13ms, application-code: 3.1s)
 GET /admin/access-control 200 in 3.1s (next.js: 65ms, application-code: 3.0s)
 GET /admin/access-control 200 in 2.1s (next.js: 13ms, application-code: 2.1s)
 GET /admin/access-control 200 in 2.8s (next.js: 462ms, application-code: 2.3s)
 GET /admin/access-control 200 in 3.0s (next.js: 10ms, application-code: 3.0s)
 GET /admin/access-control 200 in 3.0s (next.js: 61ms, application-code: 2.9s)
 GET /admin/access-control 200 in 2.9s (next.js: 12ms, application-code: 2.9s)
 GET /admin/access-control 200 in 2.9s (next.js: 72ms, application-code: 2.8s)
 GET /admin/access-control 200 in 1908ms (next.js: 14ms, application-code: 1894ms)
 GET /admin/access-control 200 in 2.8s (next.js: 414ms, application-code: 2.4s)
 GET /admin/access-control 200 in 3.0s (next.js: 11ms, application-code: 3.0s)
 GET /admin/access-control 200 in 3.0s (next.js: 401ms, application-code: 2.6s)
 GET /admin/access-control 200 in 3.1s (next.js: 14ms, application-code: 3.1s)
 GET /admin/access-control 200 in 3.1s (next.js: 65ms, application-code: 3.0s)
 GET /admin/access-control 200 in 2.1s (next.js: 18ms, application-code: 2.1s)
 GET /admin/access-control 200 in 2.5s (next.js: 15ms, application-code: 2.5s)
 GET /admin/access-control 200 in 3.0s (next.js: 13ms, application-code: 3.0s)
 GET /admin/access-control 200 in 2.9s (next.js: 477ms, application-code: 2.5s)
 GET /admin/access-control 200 in 2.6s (next.js: 14ms, application-code: 2.6s)
 GET /admin/access-control 200 in 3.0s (next.js: 65ms, application-code: 2.9s)
 GET /admin/access-control 200 in 2.0s (next.js: 13ms, application-code: 2.0s)
 GET /admin/access-control 200 in 2.7s (next.js: 242ms, application-code: 2.5s)
 GET /admin/access-control 200 in 3.0s (next.js: 14ms, application-code: 2.9s)
 GET /admin/access-control 200 in 2.5s (next.js: 15ms, application-code: 2.4s)
 GET /admin/access-control 200 in 2.5s (next.js: 11ms, application-code: 2.5s)
 GET /admin/access-control 200 in 2.5s (next.js: 61ms, application-code: 2.4s)
 GET /admin/access-control 200 in 2.4s (next.js: 469ms, application-code: 1936ms)
 GET /admin/access-control 200 in 2.5s (next.js: 12ms, application-code: 2.4s)
 GET /admin/access-control 200 in 3.0s (next.js: 12ms, application-code: 3.0s)
 GET /admin/access-control 200 in 2.5s (next.js: 14ms, application-code: 2.5s)
 GET /admin/access-control 200 in 2.6s (next.js: 12ms, application-code: 2.6s)
 GET /admin/access-control 200 in 2.6s (next.js: 65ms, application-code: 2.5s)
 GET /admin/access-control 200 in 2.0s (next.js: 15ms, application-code: 1992ms)
 GET /admin/access-control 200 in 2.5s (next.js: 37ms, application-code: 2.5s)
 GET /admin/access-control 200 in 3.0s (next.js: 11ms, application-code: 3.0s)
 GET /admin/access-control 200 in 3.0s (next.js: 455ms, application-code: 2.5s)
 GET /admin/access-control 200 in 2.6s (next.js: 15ms, application-code: 2.6s)
 GET /admin/access-control 200 in 2.6s (next.js: 74ms, application-code: 2.5s)
 GET /admin/access-control 200 in 2.1s (next.js: 15ms, application-code: 2.1s)
 GET /admin/access-control 200 in 2.6s (next.js: 14ms, application-code: 2.5s)
 GET /admin/access-control 200 in 3.0s (next.js: 10ms, application-code: 3.0s)
 GET /admin/access-control 200 in 3.0s (next.js: 425ms, application-code: 2.5s)
 GET /admin/access-control 200 in 2.0s (next.js: 15ms, application-code: 2.0s)
 GET /admin/access-control 200 in 2.8s (next.js: 69ms, application-code: 2.7s)
 GET /admin/access-control 200 in 2.5s (next.js: 12ms, application-code: 2.5s)
 GET /admin/access-control 200 in 2.5s (next.js: 12ms, application-code: 2.5s)
 GET /admin/access-control 200 in 3.0s (next.js: 15ms, application-code: 3.0s)
 GET /admin/access-control 200 in 3.0s (next.js: 68ms, application-code: 3.0s)
 GET /admin/access-control 200 in 2.2s (next.js: 12ms, application-code: 2.1s)
 GET /admin/access-control 200 in 3.0s (next.js: 417ms, application-code: 2.6s)
 GET /admin/access-control 200 in 2.7s (next.js: 12ms, application-code: 2.6s)
 GET /admin/access-control 200 in 2.7s (next.js: 250ms, application-code: 2.4s)
 GET /admin/access-control 200 in 3.2s (next.js: 12ms, application-code: 3.2s)
 GET /admin/access-control 200 in 3.2s (next.js: 74ms, application-code: 3.2s)
 GET /admin/access-control 200 in 2.3s (next.js: 12ms, application-code: 2.3s)
 GET /admin/access-control 200 in 2.6s (next.js: 15ms, application-code: 2.6s)
 GET /admin/access-control 200 in 2.6s (next.js: 48ms, application-code: 2.5s)
 GET /admin/access-control 200 in 2.5s (next.js: 466ms, application-code: 2.1s)
 GET /admin/access-control 200 in 2.9s (next.js: 12ms, application-code: 2.9s)
 GET /admin/access-control 200 in 2.9s (next.js: 78ms, application-code: 2.8s)
 GET /admin/access-control 200 in 2.2s (next.js: 14ms, application-code: 2.2s)
 GET /admin/access-control 200 in 2.8s (next.js: 430ms, application-code: 2.4s)
 GET /admin/access-control 200 in 2.2s (next.js: 12ms, application-code: 2.2s)
 GET /admin/access-control 200 in 2.5s (next.js: 68ms, application-code: 2.4s)
 GET /admin/access-control 200 in 2.9s (next.js: 13ms, application-code: 2.9s)
 GET /admin/access-control 200 in 2.9s (next.js: 233ms, application-code: 2.6s)
 GET /admin/access-control 200 in 2.5s (next.js: 14ms, application-code: 2.5s)
 GET /admin/access-control 200 in 2.4s (next.js: 226ms, application-code: 2.2s)
 GET /admin/access-control 200 in 2.0s (next.js: 9ms, application-code: 2.0s)
 GET /admin/access-control 200 in 2.5s (next.js: 223ms, application-code: 2.2s)
 GET /admin/access-control 200 in 3.0s (next.js: 12ms, application-code: 2.9s)
 GET /admin/access-control 200 in 2.5s (next.js: 12ms, application-code: 2.4s)
 GET /admin/access-control 200 in 2.4s (next.js: 194ms, application-code: 2.2s)
 GET /admin/access-control 200 in 2.4s (next.js: 444ms, application-code: 1932ms)
 GET /admin/access-control 200 in 2.0s (next.js: 13ms, application-code: 1988ms)
 GET /admin/access-control 200 in 2.4s (next.js: 458ms, application-code: 1943ms)
 GET /admin/access-control 200 in 3.3s (next.js: 14ms, application-code: 3.3s)
 GET /admin/access-control 200 in 3.3s (next.js: 402ms, application-code: 2.9s)
 GET /admin/access-control 200 in 2.8s (next.js: 444ms, application-code: 2.4s)
 GET /admin/access-control 200 in 2.4s (next.js: 487ms, application-code: 1911ms)
 GET /admin/access-control 200 in 2.4s (next.js: 18ms, application-code: 2.4s)
 GET /admin/access-control 200 in 3.0s (next.js: 84ms, application-code: 2.9s)
 GET /admin/access-control 200 in 3.6s (next.js: 18ms, application-code: 3.6s)
 GET /admin/access-control 200 in 3.5s (next.js: 474ms, application-code: 3.0s)
 GET /admin/access-control 200 in 3.0s (next.js: 112ms, application-code: 2.9s)
 GET /admin/access-control 200 in 2.4s (next.js: 486ms, application-code: 1934ms)
 GET /admin/access-control 200 in 1787ms (next.js: 13ms, application-code: 1774ms)
 GET /admin/access-control 200 in 2.3s (next.js: 619ms, application-code: 1724ms)
 GET /admin/access-control 200 in 3.5s (next.js: 13ms, application-code: 3.5s)
 GET /admin/access-control 200 in 3.5s (next.js: 14ms, application-code: 3.5s)
 GET /admin/access-control 200 in 3.5s (next.js: 85ms, application-code: 3.5s)
 GET /admin/access-control 200 in 3.5s (next.js: 569ms, application-code: 2.9s)
 GET /admin/access-control 200 in 2.3s (next.js: 523ms, application-code: 1776ms)
 GET /admin/access-control 200 in 2.5s (next.js: 536ms, application-code: 1980ms)
 GET /admin/access-control 200 in 3.4s (next.js: 10ms, application-code: 3.4s)
 GET /admin/access-control 200 in 2.9s (next.js: 81ms, application-code: 2.8s)
 GET /admin/access-control 200 in 3.4s (next.js: 16ms, application-code: 3.4s)
 GET /admin/access-control 200 in 3.3s (next.js: 751ms, application-code: 2.6s)
 GET /admin/access-control 200 in 2.6s (next.js: 334ms, application-code: 2.3s)
 GET /admin/access-control 200 in 2.4s (next.js: 39ms, application-code: 2.3s)
 GET /admin/access-control 200 in 3.6s (next.js: 12ms, application-code: 3.5s)
 GET /admin/access-control 200 in 3.0s (next.js: 14ms, application-code: 3.0s)
 GET /admin/access-control 200 in 3.5s (next.js: 78ms, application-code: 3.4s)
 GET /admin/access-control 200 in 3.1s (next.js: 814ms, application-code: 2.3s)
 GET /admin/access-control 200 in 3.1s (next.js: 881ms, application-code: 2.2s)
 GET /admin/access-control 200 in 2.4s (next.js: 15ms, application-code: 2.4s)
 GET /admin/access-control 200 in 3.4s (next.js: 10ms, application-code: 3.3s)
 GET /admin/access-control 200 in 2.8s (next.js: 16ms, application-code: 2.8s)
 GET /admin/access-control 200 in 2.9s (next.js: 18ms, application-code: 2.8s)
 GET /admin/access-control 200 in 2.9s (next.js: 87ms, application-code: 2.8s)
 GET /admin/access-control 200 in 2.9s (next.js: 153ms, application-code: 2.8s)
 GET /admin/access-control 200 in 4.4s (next.js: 11ms, application-code: 4.4s)
 GET /admin/access-control 200 in 4.9s (next.js: 16ms, application-code: 4.9s)
 GET /admin/access-control 200 in 4.4s (next.js: 14ms, application-code: 4.4s)
 GET /admin/access-control 200 in 4.3s (next.js: 14ms, application-code: 4.3s)
 GET /admin/access-control 200 in 4.5s (next.js: 68ms, application-code: 4.4s)
 GET /admin/access-control 200 in 4.8s (next.js: 514ms, application-code: 4.3s)
 GET /admin/access-control 200 in 2.8s (next.js: 12ms, application-code: 2.8s)
✓ Compiled in 180ms
✓ Compiled in 171ms
 GET /admin/access-control 200 in 3.9s (next.js: 14ms, application-code: 3.9s)
 GET /admin/access-control 200 in 3.3s (next.js: 52ms, application-code: 3.3s)
 GET /admin/access-control 200 in 3.4s (next.js: 17ms, application-code: 3.4s)
 GET /admin/access-control 200 in 3.8s (next.js: 492ms, application-code: 3.3s)
 GET /admin/access-control 200 in 3.3s (next.js: 464ms, application-code: 2.9s)
 GET /admin/access-control 200 in 3.1s (next.js: 366ms, application-code: 2.8s)
 GET /admin/access-control 200 in 3.2s (next.js: 15ms, application-code: 3.2s)
 GET /admin/access-control 200 in 2.7s (next.js: 34ms, application-code: 2.7s)
 GET /admin/access-control 200 in 2.8s (next.js: 14ms, application-code: 2.8s)
 GET /admin/access-control 200 in 2.7s (next.js: 42ms, application-code: 2.7s)
 GET /admin/access-control 200 in 2.6s (next.js: 462ms, application-code: 2.2s)
 GET /admin/access-control 200 in 3.1s (next.js: 12ms, application-code: 3.1s)
 GET /admin/access-control 200 in 3.2s (next.js: 13ms, application-code: 3.2s)
 GET /admin/access-control 200 in 2.6s (next.js: 16ms, application-code: 2.6s)
 GET /admin/access-control 200 in 2.4s (next.js: 17ms, application-code: 2.4s)
 GET /admin/access-control 200 in 3.0s (next.js: 491ms, application-code: 2.5s)
 GET /admin/access-control 200 in 2.5s (next.js: 421ms, application-code: 2.0s)
 GET /admin/access-control 200 in 2.7s (next.js: 10ms, application-code: 2.7s)
 GET /admin/access-control 200 in 2.5s (next.js: 11ms, application-code: 2.5s)
 GET /admin/access-control 200 in 2.4s (next.js: 201ms, application-code: 2.2s)
 GET /admin/access-control 200 in 1799ms (next.js: 14ms, application-code: 1786ms)
 GET /admin/access-control 200 in 2.0s (next.js: 395ms, application-code: 1647ms)
 GET /admin/access-control 200 in 1642ms (next.js: 397ms, application-code: 1245ms)
 GET /admin/access-control 200 in 1895ms (next.js: 7ms, application-code: 1888ms)
 GET /admin/access-control 200 in 1846ms (next.js: 9ms, application-code: 1836ms)
 GET /admin/access-control 200 in 1810ms (next.js: 264ms, application-code: 1547ms)
 GET /admin/access-control 200 in 1291ms (next.js: 12ms, application-code: 1280ms)
 GET /admin/access-control 200 in 1615ms (next.js: 179ms, application-code: 1436ms)
 GET /admin/access-control 200 in 1434ms (next.js: 243ms, application-code: 1191ms)
 GET /admin/access-control 200 in 1166ms (next.js: 8ms, application-code: 1158ms)
 GET /admin/access-control 200 in 894ms (next.js: 8ms, application-code: 886ms)
 GET /admin/access-control 200 in 857ms (next.js: 265ms, application-code: 592ms)
 GET /admin/access-control 200 in 307ms (next.js: 8ms, application-code: 299ms)
 GET /admin/access-control 200 in 1738ms (next.js: 79ms, application-code: 1659ms)
 GET /admin/access-control 200 in 1741ms (next.js: 30ms, application-code: 1711ms)
 GET /admin/access-control 200 in 1727ms (next.js: 108ms, application-code: 1619ms)
 GET /admin/access-control 200 in 1727ms (next.js: 141ms, application-code: 1586ms)
 GET /admin/access-control 200 in 1735ms (next.js: 181ms, application-code: 1554ms)
 GET /admin/access-control 200 in 1596ms (next.js: 580ms, application-code: 1017ms)
 GET /admin/access-control 200 in 1622ms (next.js: 144ms, application-code: 1477ms)
 GET /admin/access-control 200 in 1623ms (next.js: 69ms, application-code: 1555ms)
 GET /admin/access-control 200 in 1625ms (next.js: 9ms, application-code: 1616ms)
 GET /admin/access-control 200 in 1626ms (next.js: 41ms, application-code: 1585ms)
 GET /admin/access-control 200 in 1626ms (next.js: 111ms, application-code: 1515ms)
 GET /admin/access-control 200 in 1461ms (next.js: 783ms, application-code: 678ms)
 GET /admin/access-control 200 in 1608ms (next.js: 9ms, application-code: 1598ms)
 GET /admin/access-control 200 in 1608ms (next.js: 45ms, application-code: 1563ms)
 GET /admin/access-control 200 in 1608ms (next.js: 76ms, application-code: 1532ms)
 GET /admin/access-control 200 in 1611ms (next.js: 111ms, application-code: 1500ms)
 GET /admin/access-control 200 in 1573ms (next.js: 345ms, application-code: 1228ms)
 GET /admin/access-control 200 in 538ms (next.js: 263ms, application-code: 275ms)
 GET /admin/access-control 200 in 1639ms (next.js: 42ms, application-code: 1598ms)
 GET /admin/access-control 200 in 1639ms (next.js: 196ms, application-code: 1443ms)
 GET /admin/access-control 200 in 1641ms (next.js: 7ms, application-code: 1634ms)
 GET /admin/access-control 200 in 1640ms (next.js: 161ms, application-code: 1479ms)
 GET /admin/access-control 200 in 1641ms (next.js: 84ms, application-code: 1557ms)
 GET /admin/access-control 200 in 1641ms (next.js: 118ms, application-code: 1524ms)
 GET /admin/access-control 200 in 1583ms (next.js: 64ms, application-code: 1519ms)
 GET /admin/access-control 200 in 1584ms (next.js: 125ms, application-code: 1459ms)
 GET /admin/access-control 200 in 1585ms (next.js: 94ms, application-code: 1490ms)
 GET /admin/access-control 200 in 1586ms (next.js: 36ms, application-code: 1549ms)
 GET /admin/access-control 200 in 1585ms (next.js: 163ms, application-code: 1422ms)
 GET /admin/access-control 200 in 1587ms (next.js: 7ms, application-code: 1580ms)
 GET /admin/access-control 200 in 1565ms (next.js: 8ms, application-code: 1557ms)
 GET /admin/access-control 200 in 1564ms (next.js: 130ms, application-code: 1435ms)
 GET /admin/access-control 200 in 1566ms (next.js: 42ms, application-code: 1524ms)
 GET /admin/access-control 200 in 1566ms (next.js: 100ms, application-code: 1465ms)
 GET /admin/access-control 200 in 1566ms (next.js: 72ms, application-code: 1495ms)
 GET /admin/access-control 200 in 1566ms (next.js: 159ms, application-code: 1408ms)
 GET /admin/access-control 200 in 1520ms (next.js: 8ms, application-code: 1512ms)
 GET /admin/access-control 200 in 1519ms (next.js: 120ms, application-code: 1400ms)
 GET /admin/access-control 200 in 1521ms (next.js: 35ms, application-code: 1485ms)
 GET /admin/access-control 200 in 1521ms (next.js: 63ms, application-code: 1458ms)
 GET /admin/access-control 200 in 1521ms (next.js: 159ms, application-code: 1362ms)
 GET /admin/access-control 200 in 1522ms (next.js: 91ms, application-code: 1430ms)
 GET /admin/access-control 200 in 1530ms (next.js: 8ms, application-code: 1522ms)
 GET /admin/access-control 200 in 1529ms (next.js: 163ms, application-code: 1366ms)
 GET /admin/access-control 200 in 1531ms (next.js: 67ms, application-code: 1464ms)
 GET /admin/access-control 200 in 1531ms (next.js: 95ms, application-code: 1437ms)
 GET /admin/access-control 200 in 1532ms (next.js: 124ms, application-code: 1408ms)
 GET /admin/access-control 200 in 1534ms (next.js: 36ms, application-code: 1498ms)
 GET /admin/access-control 200 in 1571ms (next.js: 9ms, application-code: 1561ms)
 GET /admin/access-control 200 in 1570ms (next.js: 46ms, application-code: 1524ms)
 GET /admin/access-control 200 in 1571ms (next.js: 83ms, application-code: 1488ms)
 GET /admin/access-control 200 in 1535ms (next.js: 310ms, application-code: 1226ms)
 GET /admin/access-control 200 in 1536ms (next.js: 361ms, application-code: 1174ms)
 GET /admin/access-control 200 in 1234ms (next.js: 545ms, application-code: 690ms)
 GET /admin/access-control 200 in 1538ms (next.js: 36ms, application-code: 1501ms)
 GET /admin/access-control 200 in 1540ms (next.js: 8ms, application-code: 1532ms)
 GET /admin/access-control 200 in 1476ms (next.js: 512ms, application-code: 964ms)
 GET /admin/access-control 200 in 1477ms (next.js: 452ms, application-code: 1025ms)
 GET /admin/access-control 200 in 1477ms (next.js: 481ms, application-code: 997ms)
 GET /admin/access-control 200 in 1034ms (next.js: 117ms, application-code: 917ms)
 GET /admin/access-control 200 in 1566ms (next.js: 8ms, application-code: 1558ms)
 GET /admin/access-control 200 in 1565ms (next.js: 38ms, application-code: 1527ms)
 GET /admin/access-control 200 in 1505ms (next.js: 353ms, application-code: 1151ms)
 GET /admin/access-control 200 in 1506ms (next.js: 387ms, application-code: 1119ms)
 GET /admin/access-control 200 in 1094ms (next.js: 384ms, application-code: 710ms)
 GET /admin/access-control 200 in 1508ms (next.js: 421ms, application-code: 1087ms)
 GET /admin/access-control 200 in 1574ms (next.js: 9ms, application-code: 1565ms)
 GET /admin/access-control 200 in 1573ms (next.js: 40ms, application-code: 1533ms)
 GET /admin/access-control 200 in 1573ms (next.js: 69ms, application-code: 1504ms)
 GET /admin/access-control 200 in 1264ms (next.js: 469ms, application-code: 795ms)
 GET /admin/access-control 200 in 1265ms (next.js: 536ms, application-code: 729ms)
 GET /admin/access-control 200 in 1266ms (next.js: 501ms, application-code: 765ms)
 GET /admin/access-control 200 in 1530ms (next.js: 8ms, application-code: 1522ms)
 GET /admin/access-control 200 in 1499ms (next.js: 232ms, application-code: 1267ms)
 GET /admin/access-control 200 in 1275ms (next.js: 83ms, application-code: 1192ms)
 GET /admin/access-control 200 in 1276ms (next.js: 54ms, application-code: 1223ms)
 GET /admin/access-control 200 in 1168ms (next.js: 481ms, application-code: 686ms)
 GET /admin/access-control 200 in 1170ms (next.js: 453ms, application-code: 717ms)
 GET /admin/access-control 200 in 1582ms (next.js: 8ms, application-code: 1575ms)
 GET /admin/access-control 200 in 1549ms (next.js: 259ms, application-code: 1289ms)
 GET /admin/access-control 200 in 1549ms (next.js: 321ms, application-code: 1229ms)
 GET /admin/access-control 200 in 1551ms (next.js: 230ms, application-code: 1321ms)
 GET /admin/access-control 200 in 1551ms (next.js: 290ms, application-code: 1261ms)
 GET /admin/access-control 200 in 1200ms (next.js: 489ms, application-code: 711ms)
 GET /admin/access-control 200 in 1559ms (next.js: 8ms, application-code: 1550ms)
 GET /admin/access-control 200 in 1559ms (next.js: 39ms, application-code: 1519ms)
 GET /admin/access-control 200 in 1528ms (next.js: 260ms, application-code: 1268ms)
 GET /admin/access-control 200 in 1529ms (next.js: 318ms, application-code: 1210ms)
 GET /admin/access-control 200 in 1531ms (next.js: 289ms, application-code: 1242ms)
 GET /admin/access-control 200 in 953ms (next.js: 661ms, application-code: 292ms)
 GET /admin/access-control 200 in 1603ms (next.js: 9ms, application-code: 1594ms)
 GET /admin/access-control 200 in 1565ms (next.js: 260ms, application-code: 1306ms)
 GET /admin/access-control 200 in 1565ms (next.js: 289ms, application-code: 1276ms)
 GET /admin/access-control 200 in 1567ms (next.js: 229ms, application-code: 1337ms)
 GET /admin/access-control 200 in 1345ms (next.js: 121ms, application-code: 1224ms)
 GET /admin/access-control 200 in 1346ms (next.js: 151ms, application-code: 1195ms)
 GET /admin/access-control 200 in 1669ms (next.js: 8ms, application-code: 1661ms)
 GET /admin/access-control 200 in 1670ms (next.js: 75ms, application-code: 1595ms)
 GET /admin/access-control 200 in 1571ms (next.js: 392ms, application-code: 1179ms)
 GET /admin/access-control 200 in 1674ms (next.js: 41ms, application-code: 1633ms)
 GET /admin/access-control 200 in 1675ms (next.js: 108ms, application-code: 1567ms)
 GET /admin/access-control 200 in 1160ms (next.js: 517ms, application-code: 642ms)
 GET /admin/access-control 200 in 1632ms (next.js: 12ms, application-code: 1619ms)
 GET /admin/access-control 200 in 1632ms (next.js: 147ms, application-code: 1485ms)
 GET /admin/access-control 200 in 1634ms (next.js: 84ms, application-code: 1550ms)
 GET /admin/access-control 200 in 1633ms (next.js: 177ms, application-code: 1456ms)
 GET /admin/access-control 200 in 1636ms (next.js: 46ms, application-code: 1590ms)
 GET /admin/access-control 200 in 1634ms (next.js: 114ms, application-code: 1520ms)
 GET /admin/access-control 200 in 1575ms (next.js: 68ms, application-code: 1507ms)
 GET /admin/access-control 200 in 1576ms (next.js: 137ms, application-code: 1439ms)
 GET /admin/access-control 200 in 1577ms (next.js: 105ms, application-code: 1472ms)
 GET /admin/access-control 200 in 1578ms (next.js: 38ms, application-code: 1540ms)
 GET /admin/access-control 200 in 1579ms (next.js: 8ms, application-code: 1571ms)
 GET /admin/access-control 200 in 1578ms (next.js: 170ms, application-code: 1408ms)
 GET /admin/access-control 200 in 1520ms (next.js: 7ms, application-code: 1513ms)
 GET /admin/access-control 200 in 1520ms (next.js: 39ms, application-code: 1481ms)
 GET /admin/access-control 200 in 1520ms (next.js: 98ms, application-code: 1423ms)
 GET /admin/access-control 200 in 1521ms (next.js: 70ms, application-code: 1451ms)
 GET /admin/access-control 200 in 1522ms (next.js: 161ms, application-code: 1361ms)
 GET /admin/access-control 200 in 1522ms (next.js: 134ms, application-code: 1388ms)
 GET /admin/access-control 200 in 1609ms (next.js: 39ms, application-code: 1570ms)
 GET /admin/access-control 200 in 1611ms (next.js: 8ms, application-code: 1603ms)
 GET /admin/access-control 200 in 1612ms (next.js: 70ms, application-code: 1542ms)
 GET /admin/access-control 200 in 1613ms (next.js: 147ms, application-code: 1466ms)
 GET /admin/access-control 200 in 1614ms (next.js: 109ms, application-code: 1505ms)
 GET /admin/access-control 200 in 1616ms (next.js: 184ms, application-code: 1432ms)
 GET /admin/access-control 200 in 1651ms (next.js: 8ms, application-code: 1643ms)
 GET /admin/access-control 200 in 1652ms (next.js: 43ms, application-code: 1608ms)
 GET /admin/access-control 200 in 1652ms (next.js: 76ms, application-code: 1576ms)
 GET /admin/access-control 200 in 1302ms (next.js: 512ms, application-code: 789ms)
 GET /admin/access-control 200 in 1619ms (next.js: 323ms, application-code: 1296ms)
 GET /admin/access-control 200 in 1304ms (next.js: 551ms, application-code: 754ms)
 GET /admin/access-control 200 in 1622ms (next.js: 9ms, application-code: 1613ms)
 GET /admin/access-control 200 in 1623ms (next.js: 40ms, application-code: 1583ms)
 GET /admin/access-control 200 in 1623ms (next.js: 76ms, application-code: 1547ms)
 GET /admin/access-control 200 in 1557ms (next.js: 522ms, application-code: 1035ms)
 GET /admin/access-control 200 in 1044ms (next.js: 255ms, application-code: 789ms)
 GET /admin/access-control 200 in 1044ms (next.js: 284ms, application-code: 761ms)
 GET /admin/access-control 200 in 1563ms (next.js: 41ms, application-code: 1522ms)
 GET /admin/access-control 200 in 1565ms (next.js: 9ms, application-code: 1556ms)
 GET /admin/access-control 200 in 1565ms (next.js: 70ms, application-code: 1495ms)
 GET /admin/access-control 200 in 1002ms (next.js: 240ms, application-code: 762ms)
 GET /admin/access-control 200 in 1002ms (next.js: 269ms, application-code: 734ms)
 GET /admin/access-control 200 in 1002ms (next.js: 297ms, application-code: 705ms)
 GET /admin/access-control 200 in 2.4s (next.js: 9ms, application-code: 2.4s)
 GET /admin/access-control 200 in 2.4s (next.js: 68ms, application-code: 2.3s)
 GET /admin/access-control 200 in 2.4s (next.js: 38ms, application-code: 2.4s)
 GET /admin/access-control 200 in 1854ms (next.js: 223ms, application-code: 1631ms)
 GET /admin/access-control 200 in 1854ms (next.js: 268ms, application-code: 1587ms)
 GET /admin/access-control 200 in 1855ms (next.js: 298ms, application-code: 1557ms)
 GET /admin/access-control 200 in 1597ms (next.js: 80ms, application-code: 1516ms)
 GET /admin/access-control 200 in 1597ms (next.js: 123ms, application-code: 1475ms)
 GET /admin/access-control 200 in 1599ms (next.js: 9ms, application-code: 1590ms)
 GET /admin/access-control 200 in 784ms (next.js: 9ms, application-code: 775ms)
 GET /admin/access-control 200 in 815ms (next.js: 69ms, application-code: 746ms)
 GET /admin/access-control 200 in 817ms (next.js: 38ms, application-code: 779ms)
 GET /admin/access-control 200 in 1534ms (next.js: 9ms, application-code: 1525ms)
 GET /admin/access-control 200 in 1533ms (next.js: 42ms, application-code: 1492ms)
 GET /admin/access-control 200 in 1501ms (next.js: 150ms, application-code: 1351ms)
 GET /admin/access-control 200 in 1107ms (next.js: 340ms, application-code: 767ms)
 GET /admin/access-control 200 in 836ms (next.js: 51ms, application-code: 785ms)
 GET /admin/access-control 200 in 1295ms (next.js: 80ms, application-code: 1215ms)
 GET /admin/access-control 200 in 1610ms (next.js: 7ms, application-code: 1603ms)
 GET /admin/access-control 200 in 1611ms (next.js: 34ms, application-code: 1577ms)
 GET /admin/access-control 200 in 1090ms (next.js: 40ms, application-code: 1049ms)
 GET /admin/access-control 200 in 1553ms (next.js: 468ms, application-code: 1084ms)
 GET /admin/access-control 200 in 952ms (next.js: 125ms, application-code: 827ms)
 GET /admin/access-control 200 in 952ms (next.js: 155ms, application-code: 797ms)
 GET /admin/access-control 200 in 1530ms (next.js: 7ms, application-code: 1523ms)
 GET /admin/access-control 200 in 1496ms (next.js: 222ms, application-code: 1274ms)
 GET /admin/access-control 200 in 1283ms (next.js: 39ms, application-code: 1244ms)
 GET /admin/access-control 200 in 1282ms (next.js: 68ms, application-code: 1214ms)
 GET /admin/access-control 200 in 888ms (next.js: 353ms, application-code: 535ms)
 GET /admin/access-control 200 in 756ms (next.js: 38ms, application-code: 718ms)
 GET /admin/access-control 200 in 1601ms (next.js: 8ms, application-code: 1593ms)
 GET /admin/access-control 200 in 1565ms (next.js: 251ms, application-code: 1315ms)
 GET /admin/access-control 200 in 1566ms (next.js: 221ms, application-code: 1345ms)
 GET /admin/access-control 200 in 1353ms (next.js: 85ms, application-code: 1268ms)
 GET /admin/access-control 200 in 839ms (next.js: 262ms, application-code: 577ms)
 GET /admin/access-control 200 in 859ms (next.js: 44ms, application-code: 815ms)
 GET /admin/access-control 200 in 1563ms (next.js: 8ms, application-code: 1555ms)
 GET /admin/access-control 200 in 1563ms (next.js: 44ms, application-code: 1519ms)
 GET /admin/access-control 200 in 1529ms (next.js: 281ms, application-code: 1248ms)
 GET /admin/access-control 200 in 1255ms (next.js: 269ms, application-code: 986ms)
 GET /admin/access-control 200 in 886ms (next.js: 124ms, application-code: 762ms)
 GET /admin/access-control 200 in 771ms (next.js: 43ms, application-code: 728ms)
 GET /admin/access-control 200 in 1533ms (next.js: 20ms, application-code: 1513ms)
 GET /admin/access-control 200 in 1488ms (next.js: 217ms, application-code: 1271ms)
 GET /admin/access-control 200 in 1278ms (next.js: 39ms, application-code: 1239ms)
 GET /admin/access-control 200 in 1279ms (next.js: 67ms, application-code: 1212ms)
 GET /admin/access-control 200 in 741ms (next.js: 270ms, application-code: 471ms)
 GET /admin/access-control 200 in 836ms (next.js: 239ms, application-code: 597ms)
 GET /admin/access-control 200 in 1521ms (next.js: 39ms, application-code: 1482ms)
 GET /admin/access-control 200 in 1522ms (next.js: 66ms, application-code: 1456ms)
 GET /admin/access-control 200 in 1524ms (next.js: 9ms, application-code: 1514ms)
 GET /admin/access-control 200 in 1428ms (next.js: 668ms, application-code: 760ms)
 GET /admin/access-control 200 in 654ms (next.js: 122ms, application-code: 532ms)
 GET /admin/access-control 200 in 685ms (next.js: 40ms, application-code: 645ms)
 GET /admin/access-control 200 in 1521ms (next.js: 7ms, application-code: 1514ms)
 GET /admin/access-control 200 in 1521ms (next.js: 39ms, application-code: 1483ms)
 GET /admin/access-control 200 in 1492ms (next.js: 184ms, application-code: 1308ms)
 GET /admin/access-control 200 in 1494ms (next.js: 154ms, application-code: 1340ms)
 GET /admin/access-control 200 in 549ms (next.js: 8ms, application-code: 541ms)
 GET /admin/access-control 200 in 1039ms (next.js: 40ms, application-code: 998ms)
 GET /admin/access-control 200 in 1591ms (next.js: 9ms, application-code: 1581ms)
 GET /admin/access-control 200 in 1590ms (next.js: 42ms, application-code: 1548ms)
 GET /admin/access-control 200 in 1296ms (next.js: 237ms, application-code: 1059ms)
 GET /admin/access-control 200 in 1068ms (next.js: 54ms, application-code: 1014ms)
 GET /admin/access-control 200 in 1053ms (next.js: 289ms, application-code: 764ms)
 GET /admin/access-control 200 in 868ms (next.js: 220ms, application-code: 648ms)
 GET /admin/access-control 200 in 1591ms (next.js: 8ms, application-code: 1583ms)
 GET /admin/access-control 200 in 1560ms (next.js: 220ms, application-code: 1340ms)
 GET /admin/access-control 200 in 1317ms (next.js: 156ms, application-code: 1161ms)
 GET /admin/access-control 200 in 1319ms (next.js: 125ms, application-code: 1194ms)
 GET /admin/access-control 200 in 1047ms (next.js: 478ms, application-code: 569ms)
 GET /admin/access-control 200 in 1045ms (next.js: 234ms, application-code: 811ms)
 GET /admin/access-control 200 in 1672ms (next.js: 8ms, application-code: 1664ms)
 GET /admin/access-control 200 in 1672ms (next.js: 40ms, application-code: 1632ms)
 GET /admin/access-control 200 in 1368ms (next.js: 237ms, application-code: 1131ms)
 GET /admin/access-control 200 in 1368ms (next.js: 267ms, application-code: 1101ms)
 GET /admin/access-control 200 in 1114ms (next.js: 508ms, application-code: 606ms)
 GET /admin/access-control 200 in 835ms (next.js: 233ms, application-code: 602ms)
 GET /admin/access-control 200 in 1605ms (next.js: 242ms, application-code: 1363ms)
 GET /admin/access-control 200 in 1650ms (next.js: 11ms, application-code: 1639ms)
 GET /admin/access-control 200 in 1373ms (next.js: 77ms, application-code: 1296ms)
 GET /admin/access-control 200 in 1375ms (next.js: 44ms, application-code: 1330ms)
 GET /admin/access-control 200 in 1011ms (next.js: 449ms, application-code: 562ms)
 GET /admin/access-control 200 in 521ms (next.js: 225ms, application-code: 296ms)
 GET /admin/access-control 200 in 1599ms (next.js: 13ms, application-code: 1586ms)
 GET /admin/access-control 200 in 1600ms (next.js: 47ms, application-code: 1553ms)
 GET /admin/access-control 200 in 1596ms (next.js: 110ms, application-code: 1486ms)
 GET /admin/access-control 200 in 1598ms (next.js: 78ms, application-code: 1519ms)
 GET /admin/access-control 200 in 1597ms (next.js: 151ms, application-code: 1447ms)
 GET /admin/access-control 200 in 778ms (next.js: 465ms, application-code: 313ms)
 GET /admin/access-control 200 in 1569ms (next.js: 9ms, application-code: 1560ms)
 GET /admin/access-control 200 in 1569ms (next.js: 45ms, application-code: 1524ms)
 GET /admin/access-control 200 in 1569ms (next.js: 74ms, application-code: 1495ms)
 GET /admin/access-control 200 in 1533ms (next.js: 306ms, application-code: 1227ms)
 GET /admin/access-control 200 in 1235ms (next.js: 491ms, application-code: 744ms)
 GET /admin/access-control 200 in 430ms (next.js: 121ms, application-code: 309ms)
 GET /admin/access-control 200 in 1593ms (next.js: 265ms, application-code: 1328ms)
 GET /admin/access-control 200 in 1632ms (next.js: 8ms, application-code: 1624ms)
 GET /admin/access-control 200 in 1593ms (next.js: 296ms, application-code: 1296ms)
 GET /admin/access-control 200 in 1632ms (next.js: 45ms, application-code: 1586ms)
 GET /admin/access-control 200 in 1594ms (next.js: 330ms, application-code: 1264ms)
 GET /admin/access-control 200 in 841ms (next.js: 495ms, application-code: 346ms)
 GET /admin/access-control 200 in 1644ms (next.js: 7ms, application-code: 1636ms)
 GET /admin/access-control 200 in 1644ms (next.js: 38ms, application-code: 1606ms)
 GET /admin/access-control 200 in 1644ms (next.js: 81ms, application-code: 1564ms)
 GET /admin/access-control 200 in 1577ms (next.js: 506ms, application-code: 1071ms)
 GET /admin/access-control 200 in 1079ms (next.js: 275ms, application-code: 804ms)
 GET /admin/access-control 200 in 1008ms (next.js: 133ms, application-code: 875ms)
 GET /admin/access-control 200 in 1615ms (next.js: 40ms, application-code: 1575ms)
 GET /admin/access-control 200 in 1615ms (next.js: 75ms, application-code: 1540ms)
 GET /admin/access-control 200 in 1617ms (next.js: 9ms, application-code: 1608ms)
 GET /admin/access-control 200 in 1033ms (next.js: 278ms, application-code: 756ms)
 GET /admin/access-control 200 in 1551ms (next.js: 523ms, application-code: 1028ms)
 GET /admin/access-control 200 in 1059ms (next.js: 7ms, application-code: 1052ms)
 GET /admin/access-control 200 in 1565ms (next.js: 37ms, application-code: 1528ms)
 GET /admin/access-control 200 in 1565ms (next.js: 72ms, application-code: 1494ms)
 GET /admin/access-control 200 in 1567ms (next.js: 8ms, application-code: 1559ms)
 GET /admin/access-control 200 in 934ms (next.js: 122ms, application-code: 812ms)
 GET /admin/access-control 200 in 819ms (next.js: 39ms, application-code: 781ms)
 GET /admin/access-control 200 in 1416ms (next.js: 9ms, application-code: 1407ms)
 GET /admin/access-control 200 in 1626ms (next.js: 10ms, application-code: 1616ms)
 GET /admin/access-control 200 in 1627ms (next.js: 48ms, application-code: 1580ms)
 GET /admin/access-control 200 in 1626ms (next.js: 83ms, application-code: 1543ms)
 GET /admin/access-control 200 in 1178ms (next.js: 366ms, application-code: 812ms)
 GET /admin/access-control 200 in 921ms (next.js: 53ms, application-code: 868ms)
 GET /admin/access-control 200 in 1311ms (next.js: 7ms, application-code: 1305ms)
 GET /admin/access-control 200 in 1570ms (next.js: 8ms, application-code: 1562ms)
 GET /admin/access-control 200 in 1571ms (next.js: 40ms, application-code: 1531ms)
 GET /admin/access-control 200 in 1572ms (next.js: 73ms, application-code: 1500ms)
 GET /admin/access-control 200 in 800ms (next.js: 38ms, application-code: 763ms)
 GET /admin/access-control 200 in 870ms (next.js: 8ms, application-code: 862ms)
 GET /admin/access-control 200 in 1394ms (next.js: 7ms, application-code: 1387ms)
 GET /admin/access-control 200 in 1617ms (next.js: 8ms, application-code: 1609ms)
 GET /admin/access-control 200 in 1617ms (next.js: 38ms, application-code: 1580ms)
 GET /admin/access-control 200 in 1618ms (next.js: 75ms, application-code: 1543ms)
 GET /admin/access-control 200 in 1059ms (next.js: 240ms, application-code: 819ms)
 GET /admin/access-control 200 in 859ms (next.js: 246ms, application-code: 612ms)
 GET /admin/access-control 200 in 1593ms (next.js: 7ms, application-code: 1586ms)
 GET /admin/access-control 200 in 1599ms (next.js: 43ms, application-code: 1556ms)
 GET /admin/access-control 200 in 1601ms (next.js: 8ms, application-code: 1594ms)
 GET /admin/access-control 200 in 1533ms (next.js: 354ms, application-code: 1179ms)
 GET /admin/access-control 200 in 1193ms (next.js: 170ms, application-code: 1023ms)
 GET /admin/access-control 200 in 1332ms (next.js: 220ms, application-code: 1111ms)
 GET /admin/access-control 200 in 1375ms (next.js: 7ms, application-code: 1368ms)
 GET /admin/access-control 200 in 1631ms (next.js: 8ms, application-code: 1623ms)
 GET /admin/access-control 200 in 1632ms (next.js: 40ms, application-code: 1591ms)
 GET /admin/access-control 200 in 1068ms (next.js: 8ms, application-code: 1059ms)
 GET /admin/access-control 200 in 1068ms (next.js: 38ms, application-code: 1029ms)
 GET /admin/access-control 200 in 1113ms (next.js: 7ms, application-code: 1105ms)
 GET /admin/access-control 200 in 1463ms (next.js: 8ms, application-code: 1456ms)
✓ Compiled in 360ms
 GET /admin/access-control 200 in 1772ms (next.js: 41ms, application-code: 1731ms)
 GET /admin/access-control 200 in 1773ms (next.js: 10ms, application-code: 1763ms)
 GET /admin/access-control 200 in 1234ms (next.js: 10ms, application-code: 1224ms)
 GET /admin/access-control 200 in 1296ms (next.js: 44ms, application-code: 1252ms)
 GET /admin/access-control 200 in 1707ms (next.js: 10ms, application-code: 1698ms)
 GET /admin/access-control 200 in 1708ms (next.js: 89ms, application-code: 1618ms)
 GET /admin/access-control 200 in 1691ms (next.js: 39ms, application-code: 1652ms)
 GET /admin/access-control 200 in 1692ms (next.js: 8ms, application-code: 1683ms)
 GET /admin/access-control 200 in 1143ms (next.js: 9ms, application-code: 1134ms)
 GET /admin/access-control 200 in 1712ms (next.js: 48ms, application-code: 1664ms)
 GET /admin/access-control 200 in 1512ms (next.js: 8ms, application-code: 1503ms)
 GET /admin/access-control 200 in 1717ms (next.js: 247ms, application-code: 1471ms)
 GET /admin/access-control 200 in 1765ms (next.js: 10ms, application-code: 1756ms)
 GET /admin/access-control 200 in 1766ms (next.js: 46ms, application-code: 1720ms)
 GET /admin/access-control 200 in 1197ms (next.js: 8ms, application-code: 1189ms)
 GET /admin/access-control 200 in 1609ms (next.js: 9ms, application-code: 1600ms)
 GET /admin/access-control 200 in 1752ms (next.js: 7ms, application-code: 1745ms)
 GET /admin/access-control 200 in 1934ms (next.js: 7ms, application-code: 1927ms)
 GET /admin/access-control 200 in 2.0s (next.js: 61ms, application-code: 1985ms)
 GET /admin/access-control 200 in 2.0s (next.js: 11ms, application-code: 2.0s)
 GET /admin/access-control 200 in 1323ms (next.js: 12ms, application-code: 1311ms)
 GET /admin/access-control 200 in 2.0s (next.js: 15ms, application-code: 2.0s)
 GET /admin/access-control 200 in 2.2s (next.js: 224ms, application-code: 1930ms)
 GET /admin/access-control 200 in 2.3s (next.js: 11ms, application-code: 2.3s)
 GET /admin/access-control 200 in 2.3s (next.js: 122ms, application-code: 2.2s)
 GET /admin/access-control 200 in 2.2s (next.js: 391ms, application-code: 1844ms)
 GET /admin/access-control 200 in 1530ms (next.js: 337ms, application-code: 1193ms)
 GET /admin/access-control 200 in 2.4s (next.js: 10ms, application-code: 2.4s)
 GET /admin/access-control 200 in 2.2s (next.js: 12ms, application-code: 2.2s)
 GET /admin/access-control 200 in 2.5s (next.js: 13ms, application-code: 2.5s)
 GET /admin/access-control 200 in 2.5s (next.js: 116ms, application-code: 2.4s)
 GET /admin/access-control 200 in 1740ms (next.js: 557ms, application-code: 1183ms)
 GET /admin/access-control 200 in 1195ms (next.js: 57ms, application-code: 1137ms)
 GET /admin/access-control 200 in 2.1s (next.js: 8ms, application-code: 2.1s)
 GET /admin/access-control 200 in 1800ms (next.js: 8ms, application-code: 1792ms)
 GET /admin/access-control 200 in 1480ms (next.js: 13ms, application-code: 1467ms)
 GET /admin/access-control 200 in 1479ms (next.js: 69ms, application-code: 1410ms)
 GET /admin/access-control 200 in 1434ms (next.js: 132ms, application-code: 1303ms)
 GET /admin/access-control 200 in 1349ms (next.js: 46ms, application-code: 1303ms)
 GET /admin/access-control 200 in 1915ms (next.js: 58ms, application-code: 1857ms)
 GET /admin/access-control 200 in 1925ms (next.js: 13ms, application-code: 1911ms)
 GET /admin/access-control 200 in 1340ms (next.js: 9ms, application-code: 1331ms)
 GET /admin/access-control 200 in 1704ms (next.js: 45ms, application-code: 1659ms)
 GET /admin/access-control 200 in 2.3s (next.js: 8ms, application-code: 2.3s)
 GET /admin/access-control 200 in 2.4s (next.js: 50ms, application-code: 2.3s)
 GET /admin/access-control 200 in 2.8s (next.js: 40ms, application-code: 2.7s)
 GET /admin/access-control 200 in 2.8s (next.js: 409ms, application-code: 2.4s)
 GET /admin/access-control 200 in 1174ms (next.js: 11ms, application-code: 1163ms)
 GET /admin/access-control 200 in 1208ms (next.js: 45ms, application-code: 1163ms)
 GET /admin/access-control 200 in 1423ms (next.js: 242ms, application-code: 1181ms)
 GET /admin/access-control 200 in 1365ms (next.js: 241ms, application-code: 1124ms)
 GET /admin/access-control 200 in 1647ms (next.js: 9ms, application-code: 1638ms)
 GET /admin/access-control 200 in 1613ms (next.js: 117ms, application-code: 1496ms)
 GET /admin/access-control 200 in 1506ms (next.js: 171ms, application-code: 1335ms)
 GET /admin/access-control 200 in 1083ms (next.js: 237ms, application-code: 846ms)
 GET /admin/access-control 200 in 1454ms (next.js: 9ms, application-code: 1445ms)
 GET /admin/access-control 200 in 1454ms (next.js: 40ms, application-code: 1414ms)
 GET /admin/access-control 200 in 1714ms (next.js: 10ms, application-code: 1704ms)
 GET /admin/access-control 200 in 1441ms (next.js: 23ms, application-code: 1419ms)
 GET /admin/access-control 200 in 1427ms (next.js: 52ms, application-code: 1375ms)
 GET /admin/access-control 200 in 1387ms (next.js: 311ms, application-code: 1076ms)
 GET /admin/access-control 200 in 1415ms (next.js: 7ms, application-code: 1407ms)
 GET /admin/access-control 200 in 1664ms (next.js: 40ms, application-code: 1624ms)
 GET /admin/access-control 200 in 1660ms (next.js: 9ms, application-code: 1651ms)
 GET /admin/access-control 200 in 1389ms (next.js: 8ms, application-code: 1380ms)
 GET /admin/access-control 200 in 1389ms (next.js: 78ms, application-code: 1312ms)
 GET /admin/access-control 200 in 1391ms (next.js: 40ms, application-code: 1352ms)
 GET /admin/access-control 200 in 1186ms (next.js: 11ms, application-code: 1176ms)
 GET /admin/access-control 200 in 1696ms (next.js: 46ms, application-code: 1650ms)
 GET /admin/access-control 200 in 1708ms (next.js: 9ms, application-code: 1698ms)
 GET /admin/access-control 200 in 1442ms (next.js: 11ms, application-code: 1432ms)
 GET /admin/access-control 200 in 1443ms (next.js: 46ms, application-code: 1397ms)
 GET /admin/access-control 200 in 1487ms (next.js: 80ms, application-code: 1407ms)
 GET /admin/access-control 200 in 939ms (next.js: 9ms, application-code: 930ms)
 GET /admin/access-control 200 in 1489ms (next.js: 24ms, application-code: 1465ms)
 GET /admin/access-control 200 in 1709ms (next.js: 11ms, application-code: 1698ms)
 GET /admin/access-control 200 in 1413ms (next.js: 16ms, application-code: 1397ms)
 GET /admin/access-control 200 in 1414ms (next.js: 78ms, application-code: 1335ms)
 GET /admin/access-control 200 in 1345ms (next.js: 288ms, application-code: 1056ms)
 GET /admin/access-control 200 in 865ms (next.js: 7ms, application-code: 858ms)
 GET /admin/access-control 200 in 1659ms (next.js: 7ms, application-code: 1652ms)
 GET /admin/access-control 200 in 1641ms (next.js: 9ms, application-code: 1632ms)
 GET /admin/access-control 200 in 1376ms (next.js: 9ms, application-code: 1367ms)
 GET /admin/access-control 200 in 1375ms (next.js: 85ms, application-code: 1290ms)
 GET /admin/access-control 200 in 1413ms (next.js: 45ms, application-code: 1368ms)
 GET /admin/access-control 200 in 843ms (next.js: 7ms, application-code: 837ms)
 GET /admin/access-control 200 in 2.3s (next.js: 7ms, application-code: 2.3s)
 GET /admin/access-control 200 in 2.4s (next.js: 9ms, application-code: 2.4s)
 GET /admin/access-control 200 in 2.1s (next.js: 8ms, application-code: 2.1s)
 GET /admin/access-control 200 in 2.1s (next.js: 44ms, application-code: 2.1s)
 GET /admin/access-control 200 in 2.1s (next.js: 284ms, application-code: 1795ms)
 GET /admin/access-control 200 in 2.0s (next.js: 12ms, application-code: 2.0s)
 GET /admin/access-control 200 in 2.6s (next.js: 10ms, application-code: 2.6s)
 GET /admin/access-control 200 in 2.2s (next.js: 13ms, application-code: 2.2s)
 GET /admin/access-control 200 in 1996ms (next.js: 21ms, application-code: 1975ms)
 GET /admin/access-control 200 in 1952ms (next.js: 347ms, application-code: 1604ms)
 GET /admin/access-control 200 in 1954ms (next.js: 245ms, application-code: 1709ms)
 GET /admin/access-control 200 in 1661ms (next.js: 8ms, application-code: 1653ms)
 GET /admin/access-control 200 in 1636ms (next.js: 12ms, application-code: 1624ms)
 GET /admin/access-control 200 in 1367ms (next.js: 8ms, application-code: 1360ms)
 GET /admin/access-control 200 in 1482ms (next.js: 123ms, application-code: 1359ms)
 GET /admin/access-control 200 in 1244ms (next.js: 125ms, application-code: 1118ms)
 GET /admin/access-control 200 in 1465ms (next.js: 159ms, application-code: 1306ms)
 GET /admin/access-control 200 in 1654ms (next.js: 7ms, application-code: 1647ms)
 GET /admin/access-control 200 in 1664ms (next.js: 7ms, application-code: 1657ms)
 GET /admin/access-control 200 in 1396ms (next.js: 8ms, application-code: 1388ms)
 GET /admin/access-control 200 in 1140ms (next.js: 8ms, application-code: 1132ms)
 GET /admin/access-control 200 in 1683ms (next.js: 255ms, application-code: 1429ms)
 GET /admin/access-control 200 in 1438ms (next.js: 53ms, application-code: 1385ms)
 GET /admin/access-control 200 in 1634ms (next.js: 9ms, application-code: 1626ms)
 GET /admin/access-control 200 in 1618ms (next.js: 10ms, application-code: 1608ms)
 GET /admin/access-control 200 in 1577ms (next.js: 294ms, application-code: 1283ms)
 GET /admin/access-control 200 in 1257ms (next.js: 226ms, application-code: 1032ms)
 GET /admin/access-control 200 in 1048ms (next.js: 7ms, application-code: 1041ms)
 GET /admin/access-control 200 in 1049ms (next.js: 39ms, application-code: 1010ms)
 GET /admin/access-control 200 in 1569ms (next.js: 6ms, application-code: 1563ms)
 GET /admin/access-control 200 in 1560ms (next.js: 8ms, application-code: 1552ms)
 GET /admin/access-control 200 in 1299ms (next.js: 21ms, application-code: 1278ms)
 GET /admin/access-control 200 in 1299ms (next.js: 52ms, application-code: 1247ms)
 GET /admin/access-control 200 in 1064ms (next.js: 21ms, application-code: 1043ms)
 GET /admin/access-control 200 in 1051ms (next.js: 40ms, application-code: 1011ms)
 GET /admin/access-control 200 in 1597ms (next.js: 6ms, application-code: 1591ms)
 GET /admin/access-control 200 in 1668ms (next.js: 7ms, application-code: 1661ms)
 GET /admin/access-control 200 in 1406ms (next.js: 39ms, application-code: 1366ms)
 GET /admin/access-control 200 in 1417ms (next.js: 9ms, application-code: 1408ms)
 GET /admin/access-control 200 in 934ms (next.js: 9ms, application-code: 925ms)
 GET /admin/access-control 200 in 1258ms (next.js: 40ms, application-code: 1218ms)
 GET /admin/access-control 200 in 1735ms (next.js: 7ms, application-code: 1728ms)
 GET /admin/access-control 200 in 1394ms (next.js: 68ms, application-code: 1326ms)
 GET /admin/access-control 200 in 1680ms (next.js: 20ms, application-code: 1661ms)
 GET /admin/access-control 200 in 1682ms (next.js: 104ms, application-code: 1579ms)
 GET /admin/access-control 200 in 1127ms (next.js: 9ms, application-code: 1118ms)
 GET /admin/access-control 200 in 1433ms (next.js: 61ms, application-code: 1373ms)
 GET /admin/access-control 200 in 1638ms (next.js: 9ms, application-code: 1629ms)
 GET /admin/access-control 200 in 1350ms (next.js: 8ms, application-code: 1342ms)
 GET /admin/access-control 200 in 1557ms (next.js: 255ms, application-code: 1301ms)
 GET /admin/access-control 200 in 1311ms (next.js: 57ms, application-code: 1254ms)
 GET /admin/access-control 200 in 1047ms (next.js: 22ms, application-code: 1025ms)
 GET /admin/access-control 200 in 1135ms (next.js: 220ms, application-code: 915ms)
 GET /admin/access-control 200 in 1537ms (next.js: 8ms, application-code: 1529ms)
 GET /admin/access-control 200 in 1292ms (next.js: 8ms, application-code: 1284ms)
 GET /admin/access-control 200 in 1201ms (next.js: 7ms, application-code: 1194ms)
 GET /admin/access-control 200 in 1420ms (next.js: 257ms, application-code: 1163ms)
 GET /admin/access-control 200 in 1401ms (next.js: 155ms, application-code: 1245ms)
 GET /admin/access-control 200 in 808ms (next.js: 8ms, application-code: 800ms)
 GET /admin/access-control 200 in 1543ms (next.js: 6ms, application-code: 1537ms)
 GET /admin/access-control 200 in 1545ms (next.js: 37ms, application-code: 1508ms)
 GET /admin/access-control 200 in 1182ms (next.js: 8ms, application-code: 1174ms)
 GET /admin/access-control 200 in 1552ms (next.js: 43ms, application-code: 1509ms)
 GET /admin/access-control 200 in 1517ms (next.js: 272ms, application-code: 1245ms)
 GET /admin/access-control 200 in 1054ms (next.js: 7ms, application-code: 1047ms)
 GET /admin/access-control 200 in 1578ms (next.js: 6ms, application-code: 1571ms)
 GET /admin/access-control 200 in 1549ms (next.js: 121ms, application-code: 1428ms)
 GET /admin/access-control 200 in 1310ms (next.js: 7ms, application-code: 1303ms)
 GET /admin/access-control 200 in 1532ms (next.js: 242ms, application-code: 1290ms)
 GET /admin/access-control 200 in 1299ms (next.js: 41ms, application-code: 1258ms)
 GET /admin/access-control 200 in 1029ms (next.js: 8ms, application-code: 1021ms)
 GET /admin/access-control 200 in 1273ms (next.js: 7ms, application-code: 1266ms)
 GET /admin/access-control 200 in 1027ms (next.js: 9ms, application-code: 1018ms)
 GET /admin/access-control 200 in 768ms (next.js: 8ms, application-code: 760ms)
 GET /admin/access-control 200 in 524ms (next.js: 10ms, application-code: 514ms)
 GET /admin/access-control 200 in 524ms (next.js: 39ms, application-code: 485ms)
 GET /admin/access-control 200 in 1296ms (next.js: 8ms, application-code: 1288ms)
 GET /admin/access-control 200 in 1154ms (next.js: 120ms, application-code: 1034ms)
 GET /admin/access-control 200 in 1154ms (next.js: 148ms, application-code: 1006ms)
 GET /admin/access-control 200 in 1154ms (next.js: 210ms, application-code: 944ms)
 GET /admin/access-control 200 in 1155ms (next.js: 178ms, application-code: 977ms)
 GET /admin/access-control 200 in 1655ms (next.js: 36ms, application-code: 1619ms)
 GET /admin/access-control 200 in 1656ms (next.js: 138ms, application-code: 1519ms)
 GET /admin/access-control 200 in 1657ms (next.js: 105ms, application-code: 1552ms)
 GET /admin/access-control 200 in 1658ms (next.js: 66ms, application-code: 1591ms)
 GET /admin/access-control 200 in 1659ms (next.js: 7ms, application-code: 1652ms)
 GET /admin/access-control 200 in 318ms (next.js: 7ms, application-code: 311ms)
 GET /admin/access-control 200 in 770ms (next.js: 8ms, application-code: 762ms)
 GET /admin/access-control 200 in 770ms (next.js: 73ms, application-code: 697ms)
 GET /admin/access-control 200 in 770ms (next.js: 43ms, application-code: 728ms)
✓ Compiled in 328ms
 GET / 200 in 2.8s (next.js: 228ms, application-code: 2.6s)
 GET / 200 in 5.3s (next.js: 674ms, application-code: 4.6s)
 GET /admin/access-control 200 in 6.6s (next.js: 1332ms, application-code: 5.2s)
 GET /admin/access-control 200 in 4.1s (next.js: 377ms, application-code: 3.7s)
 GET /admin/access-control 200 in 2.5s (next.js: 41ms, application-code: 2.4s)
 GET /admin/access-control 200 in 2.5s (next.js: 457ms, application-code: 2.0s)
 GET /admin/access-control 200 in 2.0s (next.js: 12ms, application-code: 2.0s)
 GET /admin/access-control 200 in 2.0s (next.js: 50ms, application-code: 1991ms)
 GET / 200 in 6.2s (next.js: 429ms, application-code: 5.7s)
 GET /admin/access-control 200 in 1303ms (next.js: 37ms, application-code: 1266ms)
 GET /admin/access-control 200 in 2.4s (next.js: 21ms, application-code: 2.4s)
 GET /admin/access-control 200 in 2.3s (next.js: 386ms, application-code: 1945ms)
 GET /admin/access-control 200 in 2.3s (next.js: 12ms, application-code: 2.3s)
 GET /admin/access-control 200 in 2.3s (next.js: 53ms, application-code: 2.2s)
 GET /admin/access-control 200 in 2.3s (next.js: 96ms, application-code: 2.2s)
 GET /admin/access-control 200 in 1633ms (next.js: 553ms, application-code: 1080ms)
 GET /admin/access-control 200 in 1095ms (next.js: 9ms, application-code: 1086ms)
 GET /admin/access-control 200 in 1048ms (next.js: 316ms, application-code: 733ms)
 GET /admin/access-control 200 in 363ms (next.js: 11ms, application-code: 352ms)
✓ Compiled in 92ms
 GET /admin/access-control 200 in 2.0s (next.js: 416ms, application-code: 1610ms)
 GET /admin/access-control 200 in 763ms (next.js: 85ms, application-code: 678ms)
 GET / 200 in 2.0s (next.js: 651ms, application-code: 1381ms)
 GET / 200 in 699ms (next.js: 43ms, application-code: 656ms)
✓ Compiled in 81ms
✓ Compiled in 0ms
 GET /admin/access-control 200 in 3.6s (next.js: 199ms, application-code: 3.4s)
 GET /admin/access-control 200 in 2.5s (next.js: 255ms, application-code: 2.2s)
 GET / 200 in 3.7s (next.js: 501ms, application-code: 3.2s)
 GET /admin/access-control 200 in 569ms (next.js: 43ms, application-code: 526ms)
 GET /admin/access-control 200 in 571ms (next.js: 7ms, application-code: 564ms)
 GET / 200 in 2.5s (next.js: 420ms, application-code: 2.1s)
 GET / 200 in 875ms (next.js: 7ms, application-code: 868ms)
 GET / 200 in 877ms (next.js: 61ms, application-code: 815ms)
 GET /admin/access-control 200 in 2.7s (next.js: 28ms, application-code: 2.7s)
 GET /admin/access-control 200 in 999ms (next.js: 218ms, application-code: 782ms)
 GET / 200 in 3.3s (next.js: 320ms, application-code: 3.0s)
 GET / 200 in 2.0s (next.js: 299ms, application-code: 1743ms)
 GET /admin/access-control 200 in 1833ms (next.js: 10ms, application-code: 1823ms)
 GET /admin/access-control 200 in 1797ms (next.js: 248ms, application-code: 1549ms)
 GET /admin/access-control 200 in 1558ms (next.js: 42ms, application-code: 1516ms)
 GET /admin/access-control 200 in 1571ms (next.js: 252ms, application-code: 1319ms)
 GET / 200 in 1587ms (next.js: 9ms, application-code: 1578ms)
 GET / 200 in 1183ms (next.js: 9ms, application-code: 1174ms)
 GET / 200 in 793ms (next.js: 9ms, application-code: 784ms)
 GET / 200 in 746ms (next.js: 243ms, application-code: 503ms)
✓ Compiled in 120ms
✓ Compiled in 0ms
 GET /admin/access-control 200 in 2.1s (next.js: 579ms, application-code: 1476ms)
 GET /admin/access-control 200 in 782ms (next.js: 64ms, application-code: 717ms)
 GET / 200 in 1432ms (next.js: 178ms, application-code: 1254ms)
 GET / 200 in 1862ms (next.js: 45ms, application-code: 1817ms)
 GET /admin/access-control 200 in 1689ms (next.js: 105ms, application-code: 1583ms)
 GET /admin/access-control 200 in 1691ms (next.js: 7ms, application-code: 1683ms)
 GET /admin/access-control 200 in 1691ms (next.js: 72ms, application-code: 1619ms)
 GET /admin/access-control 200 in 1693ms (next.js: 39ms, application-code: 1653ms)
 GET /admin/access-control 200 in 1552ms (next.js: 709ms, application-code: 843ms)
 GET /admin/access-control 200 in 1543ms (next.js: 9ms, application-code: 1534ms)
 GET /admin/access-control 200 in 2.1s (next.js: 55ms, application-code: 2.1s)
 GET /admin/access-control 200 in 2.1s (next.js: 11ms, application-code: 2.1s)
 GET /admin/access-control 200 in 2.1s (next.js: 94ms, application-code: 2.1s)
 GET /admin/access-control 200 in 2.1s (next.js: 461ms, application-code: 1606ms)
 GET / 200 in 2.6s (next.js: 12ms, application-code: 2.5s)
 GET / 200 in 2.6s (next.js: 72ms, application-code: 2.5s)
 GET / 200 in 1660ms (next.js: 10ms, application-code: 1651ms)
 GET / 200 in 1661ms (next.js: 86ms, application-code: 1575ms)
 GET / 200 in 1631ms (next.js: 309ms, application-code: 1322ms)
 GET / 200 in 1587ms (next.js: 309ms, application-code: 1279ms)
 GET / 200 in 1658ms (next.js: 12ms, application-code: 1646ms)
 GET / 200 in 1663ms (next.js: 54ms, application-code: 1609ms)
 GET / 200 in 1270ms (next.js: 318ms, application-code: 951ms)
 GET / 200 in 961ms (next.js: 157ms, application-code: 804ms)
 GET /admin/access-control 200 in 2.8s (next.js: 1237ms, application-code: 1593ms)
 GET /admin/access-control 200 in 743ms (next.js: 74ms, application-code: 669ms)
 GET / 200 in 2.8s (next.js: 260ms, application-code: 2.6s)
 GET / 200 in 746ms (next.js: 12ms, application-code: 735ms)
✓ Compiled in 91ms
✓ Compiled in 0ms
 GET /admin/access-control 200 in 3.4s (next.js: 225ms, application-code: 3.2s)
 GET /admin/access-control 200 in 2.1s (next.js: 274ms, application-code: 1797ms)
 GET / 200 in 4.2s (next.js: 545ms, application-code: 3.7s)
 GET / 200 in 3.5s (next.js: 441ms, application-code: 3.1s)
 GET /admin/access-control 200 in 1537ms (next.js: 14ms, application-code: 1524ms)
 GET /admin/access-control 200 in 1538ms (next.js: 73ms, application-code: 1465ms)
 GET / 200 in 1540ms (next.js: 135ms, application-code: 1405ms)
 GET / 200 in 457ms (next.js: 7ms, application-code: 449ms)
✓ Compiled in 3.1s
✓ Compiled in 259ms
✓ Compiled in 374ms
✓ Compiled in 292ms
✓ Compiled in 192ms
✓ Compiled in 163ms
✓ Compiled in 221ms
✓ Compiled in 677ms
✓ Compiled in 163ms
✓ Compiled in 100ms
✓ Compiled in 319ms
✓ Compiled in 131ms
✓ Compiled in 424ms
✓ Compiled in 5ms
✓ Compiled in 150ms
✓ Compiled in 627ms
✓ Compiled in 1232ms
✓ Compiled in 322ms
✓ Compiled in 217ms
✓ Compiled in 191ms
✓ Compiled in 119ms
✓ Compiled in 138ms
  Reload env: .env
✓ Compiled in 163ms
✓ Compiled in 158ms
✓ Compiled in 105ms
✓ Compiled in 917ms
✓ Compiled in 1103ms
✓ Compiled in 463ms
✓ Compiled in 930ms
✓ Compiled in 254ms
✓ Compiled in 160ms
✓ Compiled in 176ms
✓ Compiled in 105ms
✓ Compiled in 340ms
✓ Compiled in 149ms
✓ Compiled in 206ms
✓ Compiled in 109ms
✓ Compiled in 243ms
✓ Compiled in 79ms
✓ Compiled in 101ms
✓ Compiled in 320ms
✓ Compiled in 297ms
✓ Compiled in 4.9s
✓ Compiled in 568ms
✓ Compiled in 450ms
✓ Compiled in 21ms
✓ Compiled in 202ms
✓ Compiled in 191ms
                                                                                                                                                                              ✓ Compiled in 549ms
✓ Compiled in 398ms
✓ Compiled in 195ms
✓ Compiled in 183ms
 GET / 200 in 19.8s (next.js: 9.6s, application-code: 10.2s)
○ Compiling /admin/marketing/blog ...
 GET /admin/marketing/blog 307 in 11.9s (next.js: 11.1s, application-code: 817ms)
 GET /shop 200 in 1567ms (next.js: 419ms, application-code: 1148ms)
 GET /admin/marketing/blog 307 in 729ms (next.js: 12ms, application-code: 717ms)
 GET /sign-in 200 in 620ms (next.js: 205ms, application-code: 414ms)
✓ Compiled in 263ms
✓ Compiled in 259ms
✓ Compiled in 157ms
✓ Compiled in 114ms
